,avg 00-01 UTC,avg 01-02 UTC,avg 02-03 UTC,avg 03-04 UTC,avg 04-05 UTC,avg 05-06 UTC,avg 06-07 UTC,avg 07-08 UTC,avg 08-09 UTC,avg 09-10 UTC,avg 10-11 UTC,avg 11-12 UTC,avg 12-13 UTC,avg 13-14 UTC,avg 14-15 UTC,avg 15-16 UTC,avg 16-17 UTC,avg 17-18 UTC,avg 18-19 UTC,avg 19-20 UTC,avg 20-21 UTC
1,989.5366689,1019.448542,1019.188197,1002.377259,995.9646775,1018.910379,989.1425,1018.685763,989.2211605,989.2174907,988.8702634,989.4588878,989.2633785,989.1394578,989.4006405,989.0100015,997.3369925,1018.437302,989.6576626,992.6690529,1002.220528
2,1007.993349,1008.733784,1012.753046,998.4773042,985.4458633,1008.243366,978.285,1008.159232,978.442321,978.4349814,977.7405268,996.4837274,978.526757,1002.846247,984.0288009,978.0200029,1016.172993,1030.868418,978.5184101,993.9325326,1009.406885
3,998.875316,998.0190263,1018.942133,1009.412704,974.927049,1028.049219,997.0153454,997.4272013,996.9016508,968.1439825,990.3943266,990.913276,997.2274452,992.3915369,979.8367646,978.6252501,1035.776387,1021.37098,967.5320554,996.1797629,1013.768592
4,1003.080653,1000.311157,1008.030236,998.6368038,969.3956893,1016.998329,1015.745691,1007.001601,986.087094,978.1549252,987.0763677,1009.590992,986.6565643,998.2865029,975.0580852,970.4966354,1024.204892,1022.689236,957.4503383,994.223406,1019.48089
5,1009.3955,991.4852444,1026.834868,1016.996108,961.7099166,1016.187818,1034.761646,1025.195159,975.2793975,996.5437436,1006.025831,998.6213629,1005.436725,1014.678767,971.8993278,968.4352134,1022.012502,1011.188082,949.9734392,990.8609233,1020.304421
6,998.8211971,992.6742638,1038.706407,1005.467613,979.5365939,1035.578716,1023.384667,1019.690174,993.9725014,1014.932562,1006.889579,987.9152415,1024.372477,1003.638835,966.623845,963.750978,1015.741312,999.6869279,951.53175,986.102422,1021.021175
7,1000.238185,982.0862847,1047.447781,994.3778602,968.5835956,1024.570858,1031.262238,1032.72115,1012.744539,1008.606942,996.0269204,977.2091201,1013.012431,993.0123052,959.0740914,953.5157003,1006.621512,993.956591,953.4460794,986.1210067,1022.044512
8,1018.560472,971.2038586,1037.292689,983.2881076,974.4599166,1043.536052,1020.282855,1029.272908,1001.846401,997.5155787,1013.68679,969.6000033,1013.420718,994.4938692,952.9503631,944.7573331,995.8146713,982.7446252,949.198841,993.6808647,1018.866641
9,1033.651889,960.3261644,1025.762469,972.5747074,963.7274573,1031.802712,1023.622805,1043.544197,990.9482621,986.4242156,1001.523809,958.7322717,1001.69947,1008.803268,948.1472215,939.746051,987.6149457,971.5326593,949.3791976,998.3267281,1011.22216
10,1034.471164,950.1202812,1024.098043,961.8613072,952.9949979,1020.069372,1042.746544,1037.580252,980.25789,975.434406,994.2823826,948.5353783,994.980924,1016.453541,941.6961737,937.6685415,985.5202035,969.5147996,954.8419248,1002.723569,1002.108405
11,1025.00619,944.8584567,1014.720416,951.0230765,942.4371948,1023.477011,1031.513689,1026.57311,969.5644884,964.4445964,983.0829669,938.338485,998.9922544,1023.487283,935.2336296,949.0316116,988.3674137,966.3161043,954.5012349,1003.611075,992.9092833
12,1029.141354,946.6934847,1031.181117,940.1849429,931.6543687,1032.302648,1020.328029,1023.218517,985.9007974,954.0854984,1001.371637,955.3300818,995.1466698,1030.655395,932.8071581,959.8327332,992.9120978,957.1801235,952.5487281,998.4404652,985.275147
13,1048.119127,947.1291026,1039.69861,929.6033634,949.0605033,1020.838665,1033.124381,1033.730475,1004.564712,958.3916762,1008.484708,972.3216787,992.4907945,1032.30419,936.9022968,955.4897176,1001.650698,949.074836,957.7695303,992.5371476,978.4656872
14,1054.790673,937.1740528,1029.50203,922.502859,938.5891497,1039.599563,1024.821231,1040.055222,995.7651532,976.0256995,1026.720176,961.3019077,1002.705809,1023.854244,945.6295866,948.8719381,1012.909107,944.6081782,962.6840207,987.2475996,973.3405745
15,1049.488004,929.7707124,1017.932441,930.380436,956.1664941,1027.808057,1013.636907,1033.429236,984.7639702,985.7863798,1023.417928,979.3783038,997.2766227,1013.08675,952.7553348,954.1241515,1023.010748,946.0069875,959.3759887,984.0132,970.5980944
16,1047.212184,939.3971999,1034.807154,920.2520712,945.6596852,1016.840596,1002.475511,1024.188798,973.7512646,980.7330796,1042.501588,968.3394951,1008.353142,1001.561396,957.05062,954.8768191,1027.567822,952.6832373,949.9205583,982.4658791,969.9716309
17,1037.125076,929.8630218,1025.939455,912.2924507,945.4902831,1005.796865,991.3493587,1013.283516,963.2159764,984.9378615,1030.965219,957.3006863,1027.317911,996.7748555,958.3896776,952.7715809,1026.771113,959.2327525,939.5982332,981.9599792,969.7211838
18,1040.601973,921.9390196,1033.765702,910.029534,934.6664804,994.7531333,982.0191156,1010.140175,952.7162405,1003.411184,1019.42885,946.8679244,1042.639365,1003.636691,955.3198742,953.6587712,1025.556458,958.9477393,929.4290124,979.5984178,969.3381563
19,1047.205752,929.191309,1024.269914,911.5132339,924.1014077,1001.519574,976.2301225,1009.569697,942.3820936,1022.549229,1008.357689,936.4351624,1052.191042,1008.714794,948.1995598,951.8648519,1024.784739,952.2019686,919.6549151,975.1233469,967.7171803
20,1048.735538,940.1577195,1013.105845,901.4973709,915.7731393,1017.35261,970.988523,1011.933616,957.9991463,1029.593316,997.2865276,926.2305817,1071.940931,1003.223215,940.7433364,945.5671278,1022.033006,943.1759669,909.7057036,970.425617,964.2724975
21,1055.402718,932.3046252,1002.124484,891.6864125,930.6293437,1005.919356,968.1126256,1028.151175,953.1885449,1021.86692,997.5343271,943.7005082,1091.990928,996.4468271,934.2721504,940.7942005,1016.929497,933.2937413,899.8091254,966.3965345,959.1691563
22,1043.399133,933.7845281,992.2265117,882.6056174,920.1320489,994.4861008,974.8502975,1035.916807,969.3028909,1010.93803,1012.959863,933.5103895,1112.555959,992.0518109,928.3211741,938.0005268,1011.485426,922.8283548,890.5139462,963.2162179,951.9327611
23,1031.441635,951.3193976,1008.70967,875.7126118,910.2245047,983.2196079,987.5212702,1027.783542,960.8821642,999.7173198,1014.887105,922.9260177,1128.731274,986.3559419,922.5965354,934.0245952,1007.686584,912.3635117,882.9351724,958.741674,944.412178
24,1019.672503,969.1544977,1012.192225,874.750384,900.3062614,971.957098,993.3556745,1017.387445,957.0246306,990.0374227,1003.80027,940.3786524,1132.521145,979.0491507,916.8433396,929.5203614,1005.545079,902.2117648,877.285327,951.7058061,937.2183543
25,1008.872963,982.5345163,1002.145627,875.0695362,890.2939104,960.8184412,987.2674044,1019.17368,948.7708737,980.884267,1004.224627,929.8822833,1137.561767,973.3483386,913.1191918,927.1433124,1001.652222,892.836621,874.2937635,943.5548009,930.112315
26,1003.892691,973.0109327,1006.226632,866.9996827,879.9791618,949.9454359,976.7208525,1023.66402,959.6276413,971.9248324,1001.690869,919.3859142,1141.038944,968.4961047,914.7034596,926.345855,996.0355273,884.9738229,873.2600234,936.0958343,923.2597075
27,1006.940993,961.7274445,998.0272382,862.7987028,869.571048,940.3618481,968.0274482,1027.012971,956.3949856,961.4887987,990.4035155,909.310172,1151.094779,963.379306,921.488134,926.2750093,989.5287514,880.0670867,872.3215534,931.6832674,918.1347556
28,1013.348163,951.2469343,987.3602892,858.9193231,859.1471101,932.1799514,968.0495772,1031.489818,967.2320009,958.85656,980.2217231,899.2891442,1167.145373,959.4854585,932.1509208,927.8229778,984.7830334,878.6036966,870.5685591,930.9228559,914.3612391
29,1016.305892,943.2138194,976.4831684,849.2027766,848.8239765,928.062893,978.8287949,1022.8006,984.8775704,960.7750234,969.7017405,889.3538591,1165.347654,958.5894511,941.900354,930.3118786,980.0774534,880.5282161,867.7319917,934.5661015,910.9620869
30,1016.93805,948.2476709,965.11963,839.6549225,839.8992412,930.9530947,991.4375355,1011.357904,996.2834845,954.9535894,958.6214568,889.1040283,1152.180918,962.1472631,945.7348269,930.7474445,976.9185464,884.0943258,863.9257036,939.4151075,908.2064926
31,1007.098658,938.0460961,953.7157711,830.9103685,830.7783902,928.307422,998.199674,1008.416004,990.1540667,943.8918316,947.8628176,901.9396787,1138.983237,968.3206312,942.136214,927.9811295,973.5204651,889.0035653,859.974023,944.8199226,908.3692769
32,995.2221289,927.4137226,941.9676403,825.4318886,821.6851651,923.6935141,994.1731504,1008.63259,979.1034577,932.5817834,945.7433303,903.4301566,1125.856714,972.2231731,933.8688097,925.2484527,968.144322,895.7502311,856.7296663,949.4109981,909.0945743
33,983.4062655,917.0249271,930.1909718,826.3494034,812.20028,929.1218097,986.3851602,1007.747077,987.4653947,922.5184759,957.7820384,893.746838,1112.97645,971.7448574,924.5761634,923.8768926,961.7435391,902.1716692,853.7150118,953.7037539,909.5600182
34,971.9293257,906.6892255,919.6569496,832.4819588,802.9614243,931.9833289,981.9878821,1016.916844,985.5613232,919.1270626,975.5693968,883.7222895,1105.872679,970.770879,916.4719085,922.6575597,954.7775803,905.6548315,851.3574193,956.2374303,910.711515
35,960.8116723,896.6624659,909.2259337,835.791821,794.5872753,925.8405591,987.6988249,1031.861237,975.9649872,918.826044,983.5883599,879.202214,1115.375043,971.380113,911.3192368,921.9700477,948.9167118,905.4905365,848.318901,957.6778714,911.6141709
36,950.8163469,886.6845628,898.5829397,830.2397198,793.9577425,920.4135505,1000.547077,1038.454166,970.4354909,913.1285543,977.6920635,885.5830819,1126.627676,973.2235732,908.4513595,922.4204827,944.5203017,902.9778984,843.9529603,958.9049021,912.0249389
37,946.804202,876.9719707,890.0723613,820.5701886,805.4178737,925.6239717,1010.754578,1030.008979,973.1948196,911.0358557,966.6528869,899.3449094,1126.173237,977.4411317,906.9299024,924.2833181,942.1948474,901.7795417,838.1462299,959.3882152,912.2888618
38,949.5394674,867.3418366,899.5457659,810.9219364,817.8721409,940.0658651,1014.548011,1018.470392,987.1252251,914.158443,960.6601529,911.5493093,1131.019764,986.4040926,905.7748032,928.8318701,942.3346131,901.5557869,832.4764966,959.6992366,911.6256523
39,949.5753222,858.8132527,890.7548367,801.4951551,813.0587836,956.7194827,1015.213951,1013.501886,985.7636974,918.6808907,952.7681524,912.6936352,1148.00398,997.2765827,908.2648114,933.3271051,943.0362116,902.9727058,827.0730025,959.1227156,910.8972888
40,939.8618711,848.9604198,880.6070427,793.1107397,803.0921809,967.2293915,1015.585033,1011.382996,982.9012742,923.1674991,941.7349484,905.1946268,1165.872811,1004.81878,913.7364253,939.641987,944.3449971,903.337526,823.1307423,959.1008077,910.2137815
41,931.455508,839.1330876,872.4462893,788.2731985,793.6447446,963.9861263,1012.54098,1001.736791,975.6630539,925.5307936,938.8340461,895.1173364,1170.35785,1005.958622,919.8629076,945.1465661,945.4735686,901.6536851,821.5037566,958.2601763,908.3255688
42,928.9272017,829.8216334,882.2771649,788.7576535,786.3967593,956.527773,1006.485592,1001.719706,984.6503044,935.0599424,949.9801899,884.9413119,1163.685876,1001.282661,922.9396137,947.396283,945.4721434,899.3770134,821.1425845,957.5503072,905.9987303
43,927.1012582,825.1427555,895.6423194,791.3772917,786.828734,957.6039777,997.9065022,1007.865035,982.5326932,950.5846448,951.4227197,880.7580686,1159.051349,992.8831604,921.9078992,948.5680736,944.2419291,896.9038004,821.602806,955.7836453,903.1975205
44,919.8504032,839.3175316,889.4927744,788.8772193,784.7869039,967.9984159,989.4526226,1010.973848,972.5460457,964.0019976,946.6119605,884.1090919,1160.082429,985.4831812,917.4902199,947.4853784,942.4054819,895.5342773,820.3561993,952.9249086,900.163047
45,911.9955384,851.1384072,894.7716971,781.3514316,779.7128893,982.5142803,986.1043135,1017.612189,980.7723379,972.6582286,940.1577509,894.6907796,1163.602924,985.2288977,912.4531567,948.2108681,939.7068537,895.0973857,817.937788,949.3151802,897.3437939
46,910.6874134,843.455798,888.6193229,774.8508525,771.6480928,990.6470297,986.7363031,1019.762907,996.2236307,981.5768775,943.1417065,899.8899027,1165.25075,993.2373958,908.6951322,949.4093678,936.3509837,894.7996,812.9623482,945.8970572,894.9940215
47,918.3480231,839.9758673,881.6422746,771.8492373,764.621937,987.8902532,990.318907,1018.836621,994.5481226,993.7605798,958.7334137,894.8776089,1169.15424,1004.706103,905.2324225,950.9419347,931.5675021,892.4949293,807.1028798,943.497647,893.1420704
48,927.1244612,830.6737816,877.4472792,772.5292902,763.5411669,987.194886,994.8660033,1016.653314,988.1946918,1002.050991,976.5877293,895.1232215,1180.075673,1011.673393,900.092011,951.0646782,926.5625684,889.1657353,802.4067617,941.9286786,892.6729131
49,928.5464416,822.7898795,876.2512761,776.9815772,768.8434769,999.2489868,999.0206733,1014.771466,998.9475738,998.6845577,994.5051883,896.7622236,1197.832539,1010.046123,893.8577537,950.1468394,921.8570432,884.5004106,799.6179538,940.7013671,892.0200103
50,920.4714718,827.0600852,879.8973834,783.8351988,781.1380697,1015.402553,1000.830906,1010.858251,997.2913133,988.6232468,1012.678033,891.0402409,1210.529955,1002.971905,886.9134325,947.9203831,918.2146244,880.5263213,798.8165616,940.6349232,890.5900068
51,910.0115318,818.5174936,875.7412579,789.3789098,795.1543151,1023.922916,999.1458037,1006.963951,992.3992517,977.6787594,1029.624625,888.7434752,1209.917424,997.8209062,881.391209,945.4149694,914.6875052,877.6683671,800.2791907,940.0277833,889.2589761
52,899.5907705,809.5321461,866.2343792,788.5969218,809.3470279,1022.307515,994.1713415,1007.239901,1001.477129,966.8928948,1038.320076,888.6831016,1199.052052,999.8932084,876.6369499,943.1228036,911.1634182,876.835488,803.7337257,939.930025,886.6664413
53,889.3175737,800.4757321,856.4997224,785.279451,823.1848539,1017.710115,986.4192447,1007.021505,998.7537413,957.1745052,1049.280641,891.3726975,1185.378249,1007.399586,872.814625,941.0658508,906.6985357,877.1782732,807.6391872,941.2774307,883.6481221
54,879.1849046,792.3186258,847.0040054,781.5843943,836.7351602,1014.098432,976.3565331,1002.154758,1007.033621,953.3020709,1051.755536,894.1401731,1171.933904,1012.998474,869.3295646,939.2900103,901.2530458,878.2221219,811.410118,944.2755465,880.1161293
55,869.2869054,789.2051048,838.0707545,775.911187,845.8008301,1017.481212,965.9377206,995.6214154,1023.895953,955.3185063,1040.970946,889.5068643,1158.898416,1015.714536,866.1538174,936.7615126,895.1793676,879.1321429,814.6344154,950.8905815,876.2251123
56,860.0141239,780.342818,830.7936174,768.5338211,844.5838846,1031.215828,956.3132428,993.6911531,1022.477452,952.1568238,1031.143209,881.1992933,1147.307017,1019.399839,863.3008451,934.0631779,888.4536257,879.2139298,816.0876128,959.2549938,871.7286731
57,854.3899928,773.0164437,824.1914231,760.5248798,837.4468491,1045.69321,949.073285,991.4830651,1012.125389,943.2227964,1026.832051,872.3928812,1142.673705,1025.330186,862.025727,931.8618997,881.5961439,877.7053303,815.2758984,970.2531475,866.3071644
58,856.1095205,764.48556,817.4350031,752.4042211,833.7060452,1049.472211,945.0828345,985.4308668,1000.77402,933.0023688,1020.064729,869.5380972,1145.394109,1032.004575,861.4781584,929.8027445,875.2527534,874.2164159,812.3241626,983.294228,860.6961817
59,863.7289583,756.2921295,813.6973127,745.4553483,838.8246994,1041.925904,944.3338363,975.8231176,991.7756486,923.3882365,1010.627716,875.7441703,1147.534734,1033.810333,861.5148829,929.407517,869.2716098,869.5351067,807.7268396,997.1348352,853.95318
60,867.7851655,749.2349429,813.6406232,740.7456893,848.3185162,1029.963655,943.5332051,965.2603713,998.5486253,916.3286197,1006.62336,879.481882,1148.832095,1029.273029,861.3376193,927.8897387,864.0675133,864.7463819,801.8895566,1010.736667,847.0670127
61,867.5696273,750.654357,812.1291645,738.0354162,854.5427007,1018.056106,938.2160519,955.036978,995.5710514,912.1098071,1006.358904,874.8952489,1156.258798,1020.487972,861.1123834,924.6870187,860.3822031,860.9282792,794.7779206,1022.84633,839.6924024
62,866.6234217,754.4767046,806.3049301,735.7473643,860.4932813,1006.340799,929.8200429,946.9457198,989.5005737,905.128115,1016.322088,867.4612701,1163.544846,1011.168674,860.7428857,919.9489018,856.8478155,858.2406174,787.2102471,1032.009068,832.2670823
63,866.9144602,747.5727669,799.1030064,733.0754727,864.9471388,994.9621456,922.4438598,944.8044716,980.6653536,896.4804078,1034.676568,867.4554472,1162.630323,1004.507917,859.9898238,914.8413356,853.2772992,856.9056038,779.8753097,1039.889311,824.7078856
64,861.7744174,738.7457519,791.0931612,730.8782166,867.0948032,984.0776443,916.0435205,949.4254289,972.4693801,887.9450201,1038.787594,877.8357849,1160.968158,1002.516945,856.5299683,910.3967334,849.5174402,857.8001961,773.0931589,1046.129436,817.2077036
65,853.0511228,730.8581905,782.6727406,728.6302678,865.0250364,974.6018237,909.6363756,954.1602797,974.6976756,882.3498962,1028.947691,889.8537658,1169.975863,1000.4899,852.1294843,907.4931752,846.3852273,858.9506792,767.0454789,1051.646163,809.4948887
66,844.0925629,730.0604181,774.9792025,726.3120644,859.9190788,969.5336088,902.8536361,953.4755029,976.517711,881.6641513,1017.344563,896.6929827,1187.791357,995.4201536,847.624838,904.9727461,845.2006341,860.0549384,761.7037494,1058.257951,801.8320535
67,834.8089758,733.8675881,769.1541739,725.1483183,857.720029,968.014867,895.1780781,948.4582691,974.2425604,888.293311,1018.294499,901.3445621,1201.452058,988.5915998,844.0284727,902.2525818,845.1722047,861.9657847,757.6832588,1064.430943,794.420388
68,825.2263555,737.5978393,764.4621647,724.3076287,856.9015575,963.5232759,885.9101274,944.6610881,975.84822,897.2302906,1033.862987,905.1945565,1208.924407,983.7870946,842.3324964,898.0479873,846.287834,862.4914625,754.1378478,1069.683499,787.242996
69,815.8052162,745.6839284,758.4950107,722.4221346,854.5829543,960.4103362,876.7581205,943.9032688,977.7005587,909.3017743,1053.301851,909.9467817,1213.034674,981.6658938,842.7644592,891.9959596,847.8669085,861.6928987,751.0022605,1073.505921,780.6431135
70,807.1728439,750.2925877,750.5607006,721.3680717,853.9733675,963.0652965,870.2385152,942.2707028,975.9531895,919.1217965,1056.666491,921.3824524,1218.35144,980.8380014,844.0309889,884.9125731,848.3083775,861.4092577,747.6060811,1075.775927,775.0230856
71,799.9480822,746.0113423,743.1673298,719.3219397,852.7946717,964.0773567,868.1826034,939.9361349,975.4061566,923.1181552,1062.383549,928.4950509,1221.615051,978.4179189,843.9305294,877.689337,848.1999174,861.0294335,744.7101282,1077.35331,770.6111803
72,793.4344317,738.3314285,739.273946,714.7411704,846.7950504,959.0270327,868.3530053,934.2364926,978.4765175,921.4879176,1064.668148,927.5318882,1219.631727,973.4724899,843.8101995,871.6364051,847.3098634,861.6251956,742.5413258,1079.890603,766.9947065
73,787.1261005,730.6356439,740.0831041,709.3033565,838.2795393,951.9691318,868.1114862,930.3352267,981.7459233,916.7828972,1053.742775,929.1333884,1217.188333,967.7814151,844.9960306,867.0974878,846.182111,862.8879595,741.842207,1082.781221,763.2060946
74,780.7390285,724.7391712,746.0640101,703.6077303,829.0893135,947.707798,869.5411223,931.1204052,983.5121658,910.6089239,1044.005501,932.0223321,1218.442679,964.031914,847.0169962,864.9530157,845.2694445,862.6339427,743.7246469,1084.767425,760.2291855
75,776.7164587,722.2740395,755.7402015,697.6449251,820.8221312,946.8591549,870.5267611,938.2929634,992.5602888,906.4359802,1042.271898,935.3112036,1223.542669,962.208593,849.6427205,863.8012731,844.0677739,861.5585721,746.2737566,1085.349786,756.7304343
76,774.8033097,720.8875972,763.707432,692.3230218,814.7163598,944.9801056,867.8545054,950.6411423,1005.944577,908.7193328,1053.219742,937.5494067,1226.614988,961.4749246,850.7609397,864.404711,842.4053896,859.9147006,748.7432674,1085.112678,753.9311144
77,777.0595668,719.5655145,769.5652732,688.669478,811.8827833,937.4877313,863.6092499,963.8938437,1013.926413,915.7433745,1071.690744,931.9672873,1224.568385,962.4998782,851.2233601,865.6801335,840.3790732,856.4931705,750.7709429,1083.862314,751.0835157
78,785.4154739,718.6759149,773.9848801,684.9545917,811.4432676,929.6854377,859.7286428,974.3337775,1010.840763,922.2349727,1087.439109,922.8442369,1222.207806,966.0070242,851.2471707,867.7314964,836.5431516,853.0048703,751.1738836,1084.39828,748.8107114
79,798.476631,721.8663818,777.5572628,681.6004643,813.9056928,925.7419526,855.0648552,982.967071,1001.703951,925.47836,1089.166501,913.5824956,1222.541833,973.3116547,852.1144006,870.7529991,832.5250161,850.0782858,749.5805394,1087.854146,747.6279987
80,812.8338721,726.5208471,779.3770455,680.0570904,818.4241989,924.9737849,847.9145033,990.8368477,990.9640622,925.2970065,1079.74624,912.1134397,1219.621522,981.6794152,854.5346866,875.1086831,828.5112074,848.274668,748.1329398,1095.032465,747.4519655
81,825.662785,727.4023278,778.4472555,682.0615986,824.890861,923.0920882,839.1711667,997.4124497,980.1992391,923.5305888,1072.415245,921.3419157,1210.321271,987.679744,856.2393458,879.1741276,824.564356,849.2528,747.0465922,1102.763037,747.5309845
82,832.7614804,725.1195212,776.6515334,688.2676585,831.3571565,920.8866658,830.13391,1002.000765,969.5123814,922.764028,1077.358782,934.3666352,1205.267381,989.8732952,857.7262807,881.8762997,821.989064,851.6953691,746.9274371,1111.813586,747.8124791
83,832.6311718,725.2649786,774.8802309,698.2841973,834.4667745,923.0158048,821.0419794,1003.258039,958.8776052,924.5339347,1085.600736,939.8245413,1206.894714,989.3872564,857.7123115,881.4918634,820.2538922,854.5211578,748.4124968,1118.5453,748.6376767
84,829.2550564,726.1535175,771.5873103,709.1330262,836.7405087,928.8465676,813.0962478,1000.877823,948.2496927,923.9830603,1085.52161,937.3734473,1213.678481,988.4039478,856.8615375,877.2701408,820.5177285,858.7475674,751.9204248,1122.804434,749.489194
85,826.5557245,725.7751841,765.9309397,718.1600633,839.1735677,933.5110069,806.8384943,994.513498,937.6863742,918.1335803,1085.709591,934.2232774,1225.571503,987.0730098,854.290708,871.039162,821.3528148,862.2570629,756.7623343,1124.587625,749.593563
86,823.7852562,728.1843929,758.1952989,724.2666962,839.462359,933.881757,803.9730447,985.7000052,927.2830889,909.8564228,1082.330699,936.2188831,1236.488116,986.8970075,852.175865,864.3636553,823.944266,866.2925397,762.9331968,1125.9476,749.9461756
87,823.468301,734.2328117,750.5069614,726.8343748,840.0992506,930.9768828,801.7656557,976.3573692,917.0473029,901.0638301,1076.104084,941.1888463,1237.508806,987.4528741,850.9429617,858.4784071,827.1744591,871.8724435,769.5683638,1126.576411,750.1486693
88,829.5445138,742.6587642,744.1411854,728.5940787,845.8418379,928.2624996,799.0561536,967.0737655,907.0015918,892.9917651,1078.662579,946.058951,1236.486008,990.5578153,849.0178957,854.0380748,831.5363839,878.1044132,777.5595462,1124.742875,750.9490789
89,837.2234887,751.0405009,740.6720964,730.7536226,855.3989275,926.3474763,794.8256587,957.4984031,897.2021016,886.53618,1080.387078,944.630816,1246.226663,994.1730164,846.6594316,851.7224005,836.3212584,883.7263304,785.992213,1122.679396,752.1731552
90,839.1025063,752.8206354,739.104454,731.697346,863.0594202,923.7824664,788.346454,947.9822826,887.6043083,884.15687,1077.509973,937.9502377,1264.310112,999.7371671,844.5419872,849.6870165,840.7770273,889.7616594,794.2092333,1118.276126,753.2257685
91,834.1745239,747.0934478,736.7809068,730.3921259,863.792164,917.5641602,780.3920503,939.489797,878.1325529,885.7237495,1071.038491,931.5537452,1276.664649,1008.175009,842.0704998,848.8461577,846.3729943,896.0686476,802.3483805,1112.588886,754.3014271
92,826.8388688,739.2145195,733.1395834,727.2318689,859.5426097,908.7835783,772.3892907,932.6393792,868.8059905,891.5793906,1064.474952,931.7450944,1284.065114,1019.899952,839.9531778,848.0480345,851.5835654,901.2850872,810.0134748,1105.48322,755.5923925
93,822.5629306,731.3999255,729.6175217,722.1799094,855.5949617,898.991793,764.3558329,927.4885073,860.063462,899.3356825,1071.110371,938.3139259,1295.648851,1032.577485,837.8424011,847.0455178,856.1160245,907.0133046,817.8313739,1097.092216,757.8784774
94,824.3132328,723.8877021,727.8900217,716.0623824,855.0787951,889.6670174,756.0557949,921.7715982,852.4050898,908.249104,1085.00607,946.9451781,1307.78545,1042.555674,835.8984807,846.4853092,861.5184153,914.5868397,825.3023689,1087.647317,761.2168266
95,830.8413126,719.4346631,728.0438613,710.1443796,859.6729123,880.4584522,747.9626471,917.234517,847.0424623,915.7964018,1089.507341,954.0856162,1315.255623,1050.354523,833.812306,846.2490398,865.4630229,923.3438765,832.8002597,1077.949528,764.9021308
96,836.8921624,720.7957052,728.4765588,704.9701246,865.4524642,871.0986354,741.7903116,913.8367723,843.100311,920.2126048,1093.624041,959.93315,1321.807598,1053.14472,830.8755506,845.5763991,869.7972151,932.3522172,840.2247242,1068.157514,769.333512
97,837.8319937,726.2110463,726.3630826,699.6805735,866.6137158,861.7869062,739.4643346,912.3748636,839.9811756,921.2188837,1107.383407,970.8862702,1333.690065,1053.373467,827.2856619,843.6913768,872.2455973,943.2233853,848.261291,1058.207094,773.9705619
98,837.0973718,727.2071628,722.467169,694.6363328,864.4800871,853.0618921,742.4050333,910.4868494,836.1606225,919.2859274,1126.952009,985.7725247,1343.036889,1048.524648,821.647064,842.2195703,873.7768506,954.6545934,855.5635145,1048.254471,778.5928567
99,837.3911184,723.6220054,716.8656771,689.4733195,863.3643207,844.8529728,747.3807561,904.89413,831.3480536,914.819133,1144.537679,1001.360076,1341.373161,1041.566671,814.5872071,841.4984626,874.0031036,964.6173443,861.8830743,1038.550641,782.3461305
100,838.598557,718.9056893,712.2164811,685.4755647,864.59576,837.9789368,749.4711866,896.7888044,828.525204,909.1074104,1153.114965,1015.653857,1330.960937,1031.827299,807.2021487,841.4170513,872.8438017,972.1628014,867.3896273,1029.1915,784.9786464
101,837.7093601,713.6165354,710.0216264,681.1124289,867.6565489,833.1852651,748.3743489,887.3643607,829.0790721,903.9692857,1157.557252,1028.871576,1326.31858,1021.497119,799.9422764,840.4798794,871.1036006,977.4264037,872.197022,1020.456014,785.4534054
102,835.1287787,707.2947406,711.297695,675.6563079,869.440926,829.6588367,747.903916,878.9095267,827.6504813,900.790694,1158.98059,1036.012555,1335.341952,1010.900007,793.3645154,838.5322399,868.2007604,979.1403952,875.6507895,1012.58173,784.3566795
103,835.5125578,702.5782869,713.6242872,668.8303876,867.6683532,827.9325695,747.5820253,871.7037449,821.9872601,898.5486519,1161.248962,1035.241018,1346.700477,1001.60709,787.0891725,834.7093204,865.5000717,978.0275681,878.882422,1005.403137,782.8719225
104,839.120569,702.4312754,713.8946451,661.7155538,862.4659259,824.6098359,747.1385392,865.6354369,814.0798136,894.5104135,1161.718789,1029.516225,1346.63618,994.3530945,781.6734215,830.9406168,863.1854701,975.1186737,880.2413086,998.5187907,781.418066
105,844.2179557,704.6780477,710.7003057,655.010328,854.734502,819.9039638,749.9924787,861.5601914,805.5306892,888.893704,1157.512826,1024.59126,1336.617591,990.4603874,776.6244847,827.0681333,860.9479651,970.9034031,881.2119264,991.9616927,781.1805544
106,848.3762502,710.4248492,704.3966734,649.9542006,845.7827756,813.7142484,755.895446,857.3119033,796.8320451,883.866778,1150.907133,1021.133817,1331.098619,987.0661352,772.8206428,824.5875799,859.7437828,967.2870404,882.0665204,984.7847511,781.9855013
107,852.2780896,717.1702255,696.8486734,647.5527637,836.6375045,808.942906,760.2942931,854.565802,788.4116582,881.5045167,1145.215156,1023.809684,1331.558443,983.1751952,770.7202126,822.3298143,858.8434472,964.7037167,882.0350508,976.9287847,784.0260477
108,856.2841594,719.8462527,689.4620998,648.2666618,828.3895068,805.818424,764.5836811,851.498415,780.9130569,880.8826863,1145.000019,1030.242776,1330.307366,978.2355253,771.1611103,821.9055563,858.1018503,963.6663929,881.4703126,968.2892165,788.2469356
109,863.1653625,716.2861643,682.5604024,650.9665762,821.2276133,804.6549504,767.6168374,848.4025016,775.7579211,879.2859983,1154.794089,1032.627729,1330.46934,975.0451757,775.0624695,821.5823198,856.4047923,963.7636225,880.676729,959.530225,792.6951931
110,873.5324255,709.7326429,676.5202016,652.1564186,814.1591719,805.324169,769.7781571,845.6542831,773.5088139,877.615584,1173.03964,1031.241058,1340.889395,973.7813425,781.2128958,821.2560375,854.8809634,964.8631599,880.6729865,951.2656532,797.6388025
111,884.8267896,705.209136,671.4658633,650.0345145,806.7601792,806.202926,768.5699182,844.3335006,774.5010638,876.7596252,1194.069917,1031.5438,1352.908526,977.0420471,789.1274881,822.7864098,853.4011733,965.4616173,881.1139076,944.1334269,803.1210934
112,892.6365889,704.7105544,666.6379108,645.5763292,798.7910616,808.3901453,764.1186564,846.754238,773.504778,876.2464561,1212.039796,1031.839854,1352.813957,983.5279205,797.0081378,824.4267076,851.263182,965.931616,881.5850524,938.7854373,807.7946943
113,895.4916954,703.8788831,662.836441,640.7527464,791.0968565,810.0221395,759.1510269,851.3043322,771.1685007,875.3581223,1222.842831,1032.863739,1341.436598,990.4759314,803.4630779,825.58108,849.7870984,967.366665,882.5295899,934.6545523,811.1718222
114,895.8578083,701.4799774,660.9419658,637.3247238,786.7174045,810.4820483,755.3731389,854.680681,771.1540793,874.4117435,1225.582978,1036.71228,1327.002935,995.5145695,808.3019464,825.6401876,848.7081461,969.9476715,883.9389558,932.8311171,813.837651
115,893.7651594,700.2172906,661.21485,635.8683262,788.5224753,808.3677587,753.6649333,856.097528,772.2599033,873.1839881,1226.432064,1037.25036,1312.695873,996.3789843,812.4401087,823.9477715,848.8800733,973.3254133,885.4365205,931.6904752,815.8096428
116,887.8152276,700.981279,661.6744197,634.6576515,795.7678799,805.4453596,750.9315665,856.4493069,772.550043,871.4761787,1227.309798,1032.573539,1298.545606,993.4160303,815.1097147,820.2161517,849.5439751,977.6369734,886.9880536,931.4939363,816.6872458
117,878.9687833,699.2706659,660.2660044,633.0137877,803.5969279,802.8579159,749.4158024,855.6369712,774.5774561,868.9682181,1223.084238,1025.683624,1284.513849,988.2588902,817.9516458,814.6385588,850.9831719,984.0471923,888.2515577,930.5075903,816.833516
118,870.1718306,694.1206673,656.4266814,629.1947857,809.4683653,802.3247382,749.2043569,854.9462004,775.6900774,866.6147516,1214.49158,1020.502553,1270.609771,983.4611038,819.787986,808.6612565,852.814596,991.0228472,889.5421966,928.7219585,816.8279251
119,864.0095136,687.8175204,651.2657625,623.7356352,813.8321048,802.2535519,750.990917,855.2350924,775.197168,863.4439747,1210.269741,1019.959558,1257.708371,981.5049493,821.2889774,803.8276182,854.5035818,998.3581059,890.4558807,925.7283067,816.0700036
120,861.7963166,683.9127998,646.2875469,617.8006177,817.8479264,801.2009282,752.5918443,856.6560736,776.1741729,859.3033816,1211.201278,1022.783334,1250.985971,981.7577515,822.4111007,800.8943095,856.1168569,1005.217947,891.1521638,921.55193,814.9304531
121,861.1946072,684.056811,642.3704798,612.3820106,818.5811772,798.3149008,754.310501,859.9392572,775.7696577,854.8666915,1210.361733,1027.386656,1254.381822,985.1659157,822.0096405,799.4797159,856.5506399,1011.234049,891.0366944,916.4659703,813.9805198
122,860.0303935,686.4503677,639.6517108,607.688068,815.6971,794.7798107,753.8236877,865.9955477,775.9484074,851.2060794,1203.447747,1033.515832,1263.924488,992.7293229,821.0612165,799.127872,856.9236609,1015.758003,889.8502293,910.4559564,813.3250727
123,855.9752676,687.5700474,639.056552,604.1101474,811.1931923,790.495901,752.5013886,873.209898,781.2287617,850.0433226,1194.452587,1038.695401,1269.039664,1004.154651,818.4448306,798.7874625,856.6456718,1018.050818,887.7868627,903.9098352,812.9562242
124,849.0738332,686.0628276,640.6665316,600.9267494,806.9596958,786.5285905,749.9964805,879.6071821,787.8189206,848.8026992,1191.802386,1041.258512,1264.581547,1016.483783,814.294661,797.4892165,855.6472227,1019.825234,885.7848209,897.5737283,812.7123015
125,840.3540215,683.3835325,644.412026,597.6909344,804.7769322,783.559838,747.6325328,883.1166686,793.6278526,846.5687547,1194.168154,1041.216325,1255.75711,1026.270378,809.2340618,795.5592419,853.3405618,1020.925872,882.623117,892.0089688,812.5034533
126,831.3122736,680.0440802,649.3785781,593.9335133,804.428511,783.4741379,744.3605239,884.6941739,796.1148333,842.77503,1198.814426,1043.266598,1250.003816,1030.707547,803.3297354,792.3936008,851.1214395,1023.507949,878.4698887,887.1413864,812.4048648
127,822.4026869,675.8007075,652.966152,590.133057,805.4673598,787.1640933,741.8371342,883.8261109,796.4918062,837.3171938,1201.630256,1042.641461,1248.430444,1030.040907,796.9386266,789.0023978,848.5118734,1026.952575,875.2043939,883.5510681,812.3699372
128,814.1865783,671.6134495,655.118667,585.7085401,807.212525,793.5955163,741.0726609,881.4900906,796.300673,831.5060841,1198.377048,1036.516946,1247.441752,1026.467698,790.9356412,785.0647536,846.1036954,1032.272075,871.7016687,881.5112348,812.3471348
129,808.2477328,667.8497745,657.3425354,581.0188267,809.0281579,799.756728,742.6046671,878.915323,794.6242383,827.9682637,1190.461517,1027.040109,1240.656417,1022.685178,784.8826611,780.4362368,843.195571,1037.683374,868.0359367,881.3393511,812.3318764
130,805.4845532,665.1276102,660.4780654,575.4095433,809.7139931,802.5768344,746.7290675,877.959074,793.0194939,825.8584087,1184.782432,1015.992479,1228.863397,1019.368981,779.2081017,775.7602084,840.4886724,1042.349581,864.0280806,882.5572248,812.3243254
131,807.8735845,664.9432071,664.0838461,569.7752514,808.1808695,800.4765545,749.7675858,878.7016471,794.6996373,824.5305329,1186.341277,1004.838697,1216.078722,1014.978887,774.2314094,770.4365281,838.2334622,1046.638799,860.5112124,884.9774426,
132,813.0940717,667.0223817,666.1901864,564.6268402,803.2912981,794.7223887,748.6977466,880.721343,796.818434,821.663694,1194.470985,993.7929648,1204.401446,1011.977463,770.0351352,764.9753339,836.7074173,1050.383051,857.0308955,889.1484125,
133,815.626248,669.0314785,665.2135729,560.0639979,797.8913035,787.6609497,745.0827959,880.6698341,799.9535307,817.6202352,1205.473107,982.959082,1198.040552,1010.804685,766.2385855,759.778111,835.0638875,1053.831212,854.0116669,894.1510215,
134,812.4287492,669.3305852,661.3548933,555.8078794,795.313662,780.4164982,740.9800585,877.9697732,802.2632862,812.3243724,1218.297471,972.8867294,1196.790248,1012.678634,763.7836373,753.9037669,833.1634544,1057.214207,851.5874665,899.0000452,
135,806.2452857,666.0415952,655.4835547,551.8527084,798.8365351,773.5514647,739.9307773,872.4409191,803.0854513,807.1345126,1225.490202,966.9128918,1195.951881,1016.880702,762.0512666,748.0676879,830.9916783,1061.191667,849.2295597,902.9334617,
136,802.2086973,660.6682707,648.8726015,548.1263223,806.4759158,766.7013708,740.7200444,865.4911098,800.8760428,804.3849457,1223.2134,969.6150308,1196.486187,1021.33525,760.8254458,742.0909528,828.1616342,1064.977117,846.0014241,904.7422684,
137,804.0891704,655.173053,642.3195447,546.0060405,814.1161608,760.3542163,743.3633434,858.0352557,795.7933151,802.813055,1214.961514,976.9858593,1201.272549,1026.280296,759.6861603,735.8534084,824.1515507,1067.907388,843.370107,904.2112945,
138,810.805827,652.0796691,636.09961,545.6185606,818.394962,755.3714537,746.0532495,851.8049986,791.5115265,803.7365851,1211.045968,979.6276662,1209.587839,1032.511882,757.9617139,729.2235801,818.9652248,1070.314122,840.6834,901.483296,
139,817.7570886,653.5422703,630.9219633,546.2654558,822.0975393,752.6963128,748.1639615,848.4938008,790.2526458,807.2202247,1210.934393,975.4871438,1214.479899,1038.769847,755.658803,722.8998256,813.5994932,1070.679535,838.4397508,896.8366536,
140,823.8175166,658.9396429,628.5354605,546.6040528,827.3372443,752.2580745,748.183284,848.047185,792.0339076,810.8839478,1208.003225,967.8214898,1212.491926,1044.613641,751.8183466,717.3127917,807.8607861,1069.490036,836.4477162,890.7639477,
141,829.1383132,665.1227871,629.2878551,545.0508792,834.3829843,754.1651554,744.8069693,850.7728752,796.2381013,813.789563,1199.962358,962.430938,1205.601636,1047.304899,747.761533,712.2233159,802.6468737,1066.727107,835.109006,884.0576817,
142,834.3820138,670.0485582,632.2198986,541.3179537,841.0494507,755.7300617,739.2605538,855.0205036,800.0866733,815.0282365,1189.078976,965.3439529,1197.219722,1047.038224,743.4047573,707.8679671,797.4095381,1062.907723,833.401947,878.051692,
143,839.472625,675.0878259,636.2364098,536.5438926,847.3406365,756.1531633,733.311436,858.4781178,802.4780324,815.3823546,1177.436563,972.7808686,1188.775528,1045.524394,739.5348328,705.1766711,792.3507225,1058.488056,831.5679873,872.5278471,
144,846.233343,680.0196957,638.9431205,531.6508597,850.9464526,753.4229498,728.8843309,859.2139365,803.5557902,815.6008226,1165.288893,975.3916963,1182.59087,1044.168697,736.4663644,702.4182865,786.8292631,1054.566304,829.3615811,868.1322156,
145,854.229103,685.7899015,640.1688444,527.4774029,850.8353692,748.5678749,728.4091965,856.1905854,803.4273941,815.1099695,1153.17127,971.178836,1179.206278,1043.282623,734.9595594,700.4472624,781.0077464,1050.874921,827.9243636,865.4719161,
146,861.1998002,690.738616,640.0254408,524.6529332,848.9993494,741.8108404,731.0948667,849.8665397,806.2458803,813.9795213,1141.259675,963.8477951,1176.448798,1043.760465,734.1542071,699.1232918,775.3742333,1047.902677,825.8790663,863.2054184,
147,866.322262,694.6298033,639.2165338,522.9410538,848.5701439,734.3617524,736.3299256,841.6756145,811.2079251,812.4991999,1130.307619,960.0103468,1170.634818,1045.111835,734.4660929,698.2219659,769.2633463,1046.456293,822.9035004,861.3557399,
148,871.0721563,698.0180038,637.4562965,522.4569015,853.4960698,727.3324363,742.478802,833.0088512,817.6850363,811.2912068,1124.040185,964.2643337,1163.425177,1046.464402,735.2259119,698.1440893,763.7359579,1044.629969,820.5666848,860.6482084,
149,878.7260663,700.0519004,633.9971998,523.3644682,862.5278876,721.2379143,746.1964954,824.334072,825.2941254,810.2606185,1123.146158,975.565178,1157.577494,1049.162261,735.1956688,698.0152262,758.5026199,1043.311201,818.2048281,860.0970938,
150,890.5401452,702.1035005,629.9081092,525.0162741,872.1578746,716.6881021,748.0156671,816.009966,830.4882696,807.883006,1127.328493,988.6520891,1156.107023,1052.972252,735.7531884,697.2550464,753.77341,1044.286483,816.0604584,858.290962,
151,905.0052753,705.6618624,625.0672101,527.6406588,878.6462778,713.0853117,750.8705145,808.3640785,835.2424016,803.9208507,1136.179287,997.6818316,1157.278304,1058.093321,736.1385866,695.6941607,750.2102898,1044.620326,812.9882756,855.668834,
152,917.0440922,711.0047955,620.7418882,531.2451474,881.8007576,710.4332048,754.977355,801.8647101,838.2912163,799.3093261,1145.725086,1004.716073,1159.237865,1064.588441,735.188083,693.4583889,746.7009574,1045.32413,809.8626211,853.0373763,
153,921.8465337,718.112586,617.8773023,534.1460656,879.9605579,709.0178017,757.0739493,797.2431193,839.349592,796.526325,1148.598579,1009.347795,1157.979034,1071.359998,733.8803581,690.8572485,744.3689225,1046.466335,807.7434668,850.0132886,
154,918.8794631,724.0500388,615.63516,536.5184779,874.6986727,710.6522152,755.620867,793.9813618,836.767647,796.7909896,1143.390084,1013.541185,1154.74634,1077.015572,731.9935928,688.4563771,742.0508845,1045.348586,805.7124319,846.6537233,
155,912.1643023,728.1325203,613.7057405,537.9652325,866.7987955,715.0036199,750.945429,791.7461812,830.5643787,799.0821226,1133.148024,1014.953558,1151.972481,1079.604824,729.4236516,686.2176373,740.414812,1042.515874,803.8033109,843.9371337,
156,907.912379,732.2302278,610.4274043,539.0099141,858.0674428,721.5525336,744.1177262,789.8262655,822.8282519,801.3407996,1121.312885,1013.706997,1152.906144,1079.125447,726.0023185,684.3926651,739.10462,1038.664403,801.7613019,842.9210798,
157,910.7549209,736.9015169,606.5959986,540.1462994,850.9307082,726.7569734,736.9036225,788.9104379,814.4753402,802.8508637,1109.709439,1015.864532,1158.183112,1075.928652,721.9248526,683.0463107,737.3022028,1033.805599,799.4490029,843.397705,
158,920.7514702,742.4345562,602.6885841,541.4663928,846.8540021,728.8076831,730.2161401,789.3805341,805.872224,802.4681331,1098.819886,1018.182316,1166.628456,1070.827618,717.8026025,682.791047,735.9624313,1028.297532,797.1387677,845.6651623,
159,933.5830179,745.0162687,600.0861342,543.765744,846.7905741,727.0259131,724.8313458,791.8112981,797.3508567,800.7342771,1087.955406,1021.961167,1175.706111,1064.416931,714.063828,682.9598769,735.3201306,1022.17794,795.1240761,848.3561245,
160,944.8479398,743.6487191,598.0214582,546.1512495,848.5326966,723.2041801,721.6969788,793.937443,789.3376618,797.09191,1077.92807,1022.937053,1180.229005,1059.460243,711.373066,682.6647836,733.859987,1016.334231,793.4122228,850.8072072,
161,953.83606,740.0091291,595.7224981,548.5480628,850.7456312,719.2720976,718.9831949,794.0006162,783.0005161,791.5096952,1072.962895,1020.461933,1178.370073,1056.820448,709.5987296,681.7850348,732.8123359,1010.688995,791.6619698,853.2896715,
162,960.317262,737.1803929,592.5790308,550.0589136,850.7292016,715.036433,715.0407727,791.3559086,779.9830342,785.5104451,1076.634449,1019.968671,1171.473858,1058.017597,709.3463897,680.6474003,730.1632546,1004.142656,788.867128,855.4311159,
163,965.5412559,737.8754073,589.2496835,550.9141021,850.213679,710.7538578,710.5351087,786.9578447,779.9726766,781.1913401,1084.187776,1017.835093,1165.150739,1063.070215,709.1355805,678.8680268,727.6694152,998.2272695,786.7669026,856.718748,
164,973.1318084,743.2291914,587.1342427,551.1457909,849.5455341,705.4469797,707.2727299,782.8554137,780.6869415,778.3972795,1087.788256,1014.85402,1161.953992,1071.238791,708.8577226,676.0126883,724.4713828,992.8608999,784.911537,857.1303551,
165,984.6019676,748.9065098,585.5802843,550.6821622,846.9464066,698.9359093,707.6468722,779.7829846,778.1184758,776.4747408,1088.514287,1015.336739,1161.9197,1081.530429,708.2556767,671.9889751,721.0134871,987.6198113,784.226252,857.2968033,
166,996.3564454,750.7587732,584.8769213,548.6590266,843.7108176,691.6725327,710.7697876,777.8601664,772.2124585,775.9436788,1089.630408,1013.75007,1164.696369,1092.171699,706.9392636,667.2297804,716.9111718,982.8458783,783.132438,857.3887345,
167,1002.262299,747.3846971,584.939149,545.6971817,841.1360431,684.5640294,712.3498721,775.315292,764.9257385,774.6738297,1089.330971,1008.153141,1170.820107,1100.988226,704.5747127,662.0927953,712.4832836,979.269509,782.3792551,857.5446378,
168,1002.381923,741.1355218,584.506659,543.3705005,842.1614657,678.4448746,710.9523002,771.2380042,757.0814982,773.0780253,1084.621509,1000.771555,1183.36454,1107.827128,701.2169396,656.2468398,708.5158249,976.5704724,781.4903767,857.5830193,
169,1002.702778,733.7754269,584.4800947,542.3782124,847.166774,673.7422904,708.0725797,765.1007634,749.022657,770.6373764,1076.81226,995.4705813,1200.800742,1112.38357,696.9762684,649.977561,704.5694047,974.0527817,782.0736493,857.5815407,
170,1007.313775,726.8453631,584.7764396,542.7316906,856.626466,671.5060395,706.9586977,758.3601904,740.9463374,766.2977155,1071.053621,998.2571854,1217.10578,1114.086341,692.0970808,643.8794907,701.0102702,971.6825129,783.0848304,857.5294073,
171,1017.214415,722.2648963,584.4728542,543.3811975,867.7379007,671.4202619,709.0255447,751.9057027,732.9262624,761.1182619,1069.313744,1006.478079,1227.163297,1113.908844,687.1523835,637.6053731,698.1378868,968.2041361,783.9009704,,
172,1029.066621,722.5493251,584.1552906,543.7862096,878.5497991,672.0889518,711.7240923,747.1953118,724.9933003,754.9377381,1067.035492,1012.217456,1230.081727,1113.425756,681.9967716,632.0370599,696.4366964,964.5232126,785.1838316,,
173,1039.006185,728.1365631,584.0994784,543.0535759,887.842328,672.7924517,713.171324,744.1250464,717.3199417,748.3325692,1060.656965,1017.11276,1227.345587,1112.641203,676.7911785,626.5112779,695.0825788,960.2250765,786.9652546,,
174,1048.067568,734.2114864,583.2184583,541.9564979,898.3615594,673.5566808,713.9573021,741.9156958,710.1886321,742.0632544,1051.650863,1019.712342,1222.436478,1114.473933,671.6981608,622.095849,694.7350097,956.4540669,789.8164121,,
175,1056.666233,737.7014005,581.5433732,540.2716789,910.8473936,674.2380813,716.5639765,738.6110604,704.8242319,738.3175813,1041.101144,1018.314515,1215.18553,1120.035104,667.0814275,618.4574795,694.6319644,953.6787332,793.7130691,,
176,1060.602095,739.2714772,578.725952,538.7067408,924.1945455,675.3018796,722.4661196,734.9671961,703.138727,736.2470242,1030.85072,1016.790172,1207.30285,1127.470731,663.0924497,614.9895356,695.018666,951.1385424,797.9548866,,
177,1057.7177,738.8345105,574.9224878,535.6951769,933.8646029,675.1650951,730.5043587,730.4937826,705.2159269,736.7285917,1023.683951,1013.372663,1201.180936,1136.689268,659.0779956,612.5349125,695.4930041,950.0950041,802.7888186,,
178,1053.298476,736.5685557,570.7443763,531.2129568,936.0938521,673.4061054,737.1035273,726.4100107,707.9260346,737.3835289,1019.524226,1006.744013,1199.523741,1146.0239,654.846237,609.5077636,696.1941082,948.1160953,807.1946619,,
179,1055.203307,732.1012183,567.6733282,526.0150259,932.0216474,669.0488196,740.8616028,723.0050872,708.2242801,736.286206,1015.207164,998.5059894,1203.038426,1154.003531,650.6171476,606.9911026,697.3056926,946.881189,812.0750029,,
180,1064.834459,727.9504916,567.6176983,520.6775066,924.042894,663.6092581,744.0230341,721.1948464,706.43029,733.4026203,1008.692038,992.3420161,1205.894705,1159.304396,646.1410836,605.2745273,698.5191857,945.6897264,816.4889773,,
181,1077.163619,727.2831308,570.9207667,515.3385915,916.350898,657.946659,748.450177,721.3968248,704.4140536,728.3120949,1005.314704,994.6810022,1205.111804,1162.872964,641.0807781,603.7908847,699.828659,945.0093514,819.9743443,,
182,1083.746756,730.10011,577.104896,510.4247552,911.7990552,653.2932901,753.1692779,722.0199028,703.1871029,723.2770133,1009.091752,1005.786788,1198.789882,1164.519887,636.2283029,602.6543078,701.9476978,944.9725464,823.2285637,,
183,1082.684227,732.1420463,584.0887897,505.86447,910.6743628,650.495036,757.82614,723.8488664,701.3829531,720.7394504,1017.164946,1022.026789,1189.325456,1163.837402,631.4955688,602.1123535,704.6586642,943.6435809,825.5365156,,
184,1077.794163,731.0548466,588.9635518,501.4322114,909.1511703,648.2211904,760.6068172,727.2535157,699.1436498,721.9458822,1025.668624,1040.377499,1182.081584,1159.168083,626.9953934,602.1649678,708.2927879,943.2485382,826.3243928,,
185,1075.609647,727.4932591,590.8663336,497.5212602,905.2678215,646.1910013,760.8499868,728.5085719,696.5726316,726.9023759,1035.365138,1056.55321,1178.396918,1152.5636,622.7465492,601.8842889,713.3339685,943.5747918,826.5299787,,
186,1075.803465,722.2069257,590.1613739,493.6918996,899.2282599,643.8789198,760.9194235,728.0133231,695.0913326,732.8002685,1044.97372,1066.953139,1178.077239,1145.409459,619.6138932,601.6335415,718.740298,944.6458357,825.6495424,,
187,1077.473691,717.7754832,588.4790989,490.7902316,892.8507347,642.6795863,760.198066,726.7098371,696.6132501,736.643851,1052.661919,1077.945826,1178.674295,1139.931505,617.029908,601.5518052,723.9787239,946.4749248,824.6806376,,
188,1080.731179,715.6778944,588.0608942,488.6139933,888.013583,643.7714324,758.6773112,724.4355279,699.3233794,737.8652879,1058.01762,1093.192628,1178.119749,1135.757616,614.4840187,601.0784303,729.212931,949.761688,823.7028105,,
189,1086.080981,715.4569706,588.9259099,488.0962357,882.0873554,647.8502861,757.3758841,724.0660617,701.8928352,736.4483769,1063.639597,1110.852076,1178.22604,1134.643637,612.0762023,600.9175713,733.7693621,952.8342745,822.5858799,,
190,1092.774649,714.1670068,590.0439718,488.1010972,875.8634534,653.9399693,757.0189522,725.3481585,703.8976951,733.8094569,1072.32965,1127.013505,1178.880916,1135.226738,609.688166,600.7805613,736.99435,956.3508113,821.7888888,,
191,1096.712726,711.3851636,590.9978754,487.8682005,869.4938072,660.2324586,757.8877884,727.6479544,705.7506695,730.8045632,1082.362834,1133.433379,1179.070101,1136.406929,607.654229,601.3297589,738.9707593,960.8316855,820.4468331,,
192,1097.32867,707.9372676,592.1386568,486.6504529,863.8867887,665.8859609,758.543027,732.1389121,708.1245897,727.6230572,1086.951813,1130.123433,1175.724551,1139.726607,606.1166597,603.5984082,739.6989217,965.0873212,819.6433498,,
193,1095.147741,706.3175497,593.9607396,483.9693214,858.2731431,668.7128684,757.4707445,734.7600702,711.5073757,726.1354096,1084.666121,1121.366019,1168.873191,1143.207724,604.8108081,606.8829659,738.9534878,968.3120634,818.3453243,,
194,1091.682261,705.323331,596.1077647,480.119373,852.0010083,668.6965019,754.1570624,735.7566722,714.9165523,725.6454491,1081.217892,1110.484391,1159.300583,1146.827715,603.9862927,611.6975702,736.565842,970.5847514,816.6328993,,
195,1087.879576,702.4574151,597.4014199,475.8426555,844.8296567,665.977786,749.0252714,734.8676083,715.7201986,726.7241155,1079.753639,1099.466659,1150.228938,1148.927292,603.4702114,617.6242175,732.8988582,973.535883,814.2632563,,
196,1083.341594,698.7172575,596.5074842,471.681069,838.4121564,662.2534228,744.5103123,733.3232637,714.2850086,727.6359547,1077.228755,1088.995025,1144.447792,1150.279553,603.2319484,624.0446816,728.5092918,975.3408962,811.1405951,,
197,1080.851005,696.240494,593.1882803,468.6625308,831.4263471,658.2811434,742.3100675,731.079721,711.6102451,727.5447394,1070.168374,1082.099325,1143.924438,1152.69313,603.2229047,629.5264403,723.7806337,977.1729344,807.2462934,,
198,1082.135292,697.0823875,588.1331216,466.1902444,824.0724595,656.4712778,742.0300554,726.8641848,709.0329553,727.4338021,1060.062107,1084.885595,1148.625271,1156.931352,603.1738846,633.7119005,718.970006,978.9395961,803.3649546,,
199,1084.466096,697.9656867,582.5808587,465.0131517,815.7963921,657.5330645,741.7375612,722.4167746,706.1868803,726.50759,1049.544355,1096.135935,1155.151823,1162.0147,603.186853,636.362202,715.1108311,980.292635,799.5633077,,
200,1083.433894,696.1173767,577.6375563,464.2552208,807.7341312,660.5099395,739.9185019,717.0291779,703.5131227,725.5645077,1043.706732,1109.197249,1160.137522,1166.533265,603.1654356,637.360383,712.5803302,980.7428827,795.5684547,,
201,1079.859749,692.721926,574.229306,462.9439391,799.9954429,664.0664767,735.705402,711.5644644,700.8959775,723.5457882,1046.452655,1118.718328,1160.945938,1167.601436,603.1705176,637.3248448,710.5695169,980.2137331,791.9751922,,
202,1079.183115,688.7419342,573.3061957,461.8818501,793.7968612,666.8511775,729.4946944,707.3451707,700.3781867,721.5567442,1055.470312,1128.819172,1157.645632,1166.947381,603.1843095,636.055785,710.0605376,978.6826464,789.2976615,,
203,1084.870785,684.3191999,573.9727552,460.1720911,791.6541386,669.0539297,722.4636099,705.1843963,702.1143162,719.8090923,1067.015947,1139.880922,1153.818986,1166.361624,,633.808748,710.7354841,976.2577002,787.1698667,,
204,1092.968025,678.6408653,577.3440383,458.2643432,795.4852023,671.3541863,715.6821707,705.4768943,703.8747659,720.0836167,1079.608125,1144.419834,1150.318011,1166.52717,,631.5753521,711.5621852,972.5799285,786.92294,,
205,1099.707823,672.1904935,581.9406951,456.3153859,803.8801629,672.9116166,710.4361054,705.5050192,703.9129524,721.0673651,1090.515767,1144.608541,1146.664607,1171.176352,,628.9939253,713.751231,967.9857185,787.0420536,,
206,1104.979722,666.1354315,587.7894852,453.750003,814.3530653,672.3347468,706.6412854,704.7869837,702.4280536,721.5183708,1094.410078,1146.731152,1143.897237,1178.31839,,626.514994,715.5047625,962.7810235,788.1573022,,
207,1108.528418,662.1520161,593.8317646,450.5354384,825.1871715,669.1739665,704.5173735,703.3531174,701.8787848,720.4533558,1093.537394,1149.611708,1138.832628,1189.725433,,624.6178515,717.170951,957.7974666,789.7065158,,
208,1112.951367,660.1877092,599.4192744,447.2745681,832.6397047,663.9425474,702.1854491,702.0898421,702.73052,716.9656729,1092.115714,1157.536735,1132.874913,1204.112554,,623.8914613,719.0828439,954.7685205,791.5641674,,
209,1115.731096,659.812577,604.6720065,443.8163553,834.9032021,657.2040384,699.8539763,700.5046525,705.2286815,713.4829045,1090.030172,1168.683047,1125.836204,1219.202,,623.5558321,719.1468323,952.1841944,793.2649953,,
210,1113.470534,660.176958,607.8038436,439.9530406,833.5985521,650.4568832,695.5650512,698.4571649,706.6444953,710.4452671,1084.093991,1172.716969,1118.026064,1232.484202,,624.0645084,718.613754,950.7496178,794.9935942,,
211,1106.099151,663.0853886,608.7946385,435.6114118,831.4832663,644.0724868,690.2686935,696.3904971,706.1198004,707.2691384,1075.371056,1168.769835,1111.104086,1242.454032,,625.5896724,717.3971629,950.6633056,796.2681055,,
212,1095.720744,669.1402962,607.091896,431.2172911,830.8909299,638.9488388,683.9156832,692.8985412,702.7377439,704.4809691,1068.347744,1159.454613,1106.088871,1246.204446,,626.8377815,715.5609813,952.4075962,797.2509176,,
213,1084.390098,675.3595744,603.3925649,426.9709466,829.8451577,635.1618347,677.6656042,689.0336659,697.8779129,700.6740617,1065.99328,1148.073038,1103.034822,1245.632375,,628.5606538,714.063369,954.3225816,797.6953318,,
214,1072.88923,679.7593373,599.2575887,423.1947024,829.3970424,633.0638808,672.7272899,686.0458005,692.3641929,697.8085795,1067.553169,1139.496306,1100.666251,1240.597093,,630.3219886,712.8061686,955.9934552,798.0164933,,
215,1061.321351,680.0751646,596.1321003,420.659817,828.2040851,631.3003022,670.4430759,683.6803324,689.2073744,695.3935685,1072.201009,1137.782868,1095.80184,1232.927545,,631.9424994,711.9294034,955.8481526,798.0946398,,
216,1049.755525,677.8122899,594.4329495,419.4433177,825.232808,630.7180882,671.1873929,680.8989794,689.2538614,693.1804996,1081.748608,1138.179426,1088.330896,1223.720463,,634.1680543,710.7673911,955.1308473,798.1603469,,
217,1038.641615,675.2170936,593.4689772,419.5453431,822.1310561,630.3716107,674.151329,679.4972574,691.8248576,690.0240874,1092.408774,1141.075718,1078.934451,1214.522993,,636.5331233,710.0247087,953.4548012,798.1650214,,
218,1029.192487,673.7030324,593.3040017,420.3162785,819.9538759,631.2307881,678.4851726,677.5262553,695.5314384,685.022356,1100.714249,1150.84166,1068.353455,1206.668843,,639.2266735,710.5073268,951.5178,798.1577142,,
219,1022.09731,672.9563837,592.861435,421.5253873,821.4724789,631.8168761,681.6981982,673.5878746,698.2710623,679.1446844,1105.337609,1164.462506,1057.366518,1199.899972,,641.7982002,711.3053123,949.8387995,798.1712666,,
220,1018.387702,672.6349956,593.3374969,421.6768624,826.7259236,631.8781807,683.4898609,669.4582443,699.7440101,672.3463694,1107.246629,1177.828571,1046.786989,1195.595943,,644.4337158,712.162143,948.052619,798.1765579,,
221,1015.33133,672.4612029,593.9089408,421.273396,831.974745,631.6147247,682.0534362,664.4585446,700.6514066,665.7588622,1108.271519,1189.644728,1037.320981,1190.843225,,646.2223881,713.0052862,947.5579255,798.1902598,,
222,1010.084589,671.3040001,594.8775983,421.3124525,832.596759,630.626316,679.5975623,660.017183,701.1330383,660.0150092,1113.760662,1203.550683,1029.980752,1186.062747,,648.0004256,714.6559846,948.4509222,,,
223,1003.32985,671.0409114,595.8325497,421.4624419,828.9767476,629.7848095,676.590251,657.3615781,702.4515096,656.0357452,1122.425276,1219.203488,1025.026353,1182.177146,,649.0239929,717.1201186,952.4959696,,,
224,997.859359,671.6978856,595.1378541,421.5645136,823.0871715,627.6005658,674.6136075,657.883134,704.9552148,654.55358,1131.852417,1232.969381,1023.892674,1179.409319,,649.5424786,718.4913072,958.0607425,,,
225,995.5318222,674.7116443,593.0101871,421.6579436,819.5469233,624.3360953,673.9748547,661.7036685,709.1919627,654.7716126,1138.390592,1242.742346,1023.926499,1177.640008,,649.9171124,720.0972328,964.4311015,,,
226,996.4581586,676.9393108,588.8310019,420.9587449,819.9920455,619.3040402,674.0930421,667.3113599,714.3269765,655.9961506,1142.441372,1248.685961,1027.515061,1176.517077,,650.0380591,721.3455609,971.3376108,,,
227,1001.444401,675.6213349,584.0995061,418.8181302,822.1731622,613.1057758,675.9597687,672.946901,719.368772,657.7724732,1142.41082,1250.009001,1030.500918,1175.921049,,650.1022125,721.9506201,979.3260863,,,
228,1005.896316,671.5114227,579.8070747,415.541082,825.3882783,606.4873091,676.9221663,677.5480813,722.0150912,658.1401572,1143.715861,1248.312553,1035.627378,1175.658511,,650.1141337,722.3750304,988.3666647,,,
229,1006.869443,666.0787786,576.0221978,412.0014265,826.1619133,599.8381854,678.0238751,680.1291351,722.8844219,656.726518,1149.179365,1249.433813,1039.32217,1175.580957,,,722.1348661,995.9378024,,,
230,1006.154016,660.3196707,572.8240003,409.1752613,828.3957043,593.3664889,677.6864603,682.3182958,721.7212434,655.2897693,1156.258083,1255.136429,1043.952795,1175.56929,,,722.1095575,1001.467263,,,
231,1005.005121,656.079104,570.1485782,406.8150501,833.2273011,587.0396106,677.2075391,684.1937091,718.8703719,653.5838532,1159.322987,1262.548232,1049.506103,,,,720.8468133,1005.15191,,,
232,1001.412805,653.3028354,568.6125018,405.1289558,840.3282856,580.8743332,675.6135225,685.4376566,715.7507941,650.8485681,1160.024093,1267.360859,1055.699788,,,,718.6301885,1008.100915,,,
233,998.8237828,651.9062113,568.5898899,403.7440381,848.204843,574.8010124,674.0162763,686.9454521,712.5712334,647.6279339,1160.783337,1268.226,1063.852902,,,,716.4374178,1010.229446,,,
234,998.7343809,649.8030757,569.5874428,402.5167688,854.3803328,569.059939,670.7913421,686.0230036,709.8318854,644.0439708,1160.811612,1267.312417,1073.075642,,,,714.6324311,1011.090839,,,
235,1002.938043,646.1628444,570.2057387,400.9078204,857.7340608,563.5193609,667.3042129,683.1705463,707.2706461,639.3415615,1158.610692,1266.449359,1082.007957,,,,713.1596841,1011.082395,,,
236,1007.346976,641.3129386,569.9665894,399.5289914,860.7496412,558.2063679,664.0706568,678.8213608,703.4639054,634.2262984,1156.767039,1264.585515,1089.745719,,,,711.6694297,1010.679291,,,
237,1008.521733,635.4141507,568.417999,398.2469565,863.0452056,553.9668569,662.1892331,673.5537549,699.4182917,629.7734294,1155.094483,1263.484848,1094.36821,,,,710.5807307,1010.438986,,,
238,1007.880341,629.1507949,565.483401,396.6125772,866.1670156,550.6790607,660.8882675,668.4020832,695.0667793,625.3321021,1152.018619,1265.800976,1098.382977,,,,709.7306353,1010.255778,,,
239,1006.647834,623.1628916,562.4449561,394.5968421,865.9380161,548.1514175,660.1252263,663.748751,691.5638449,620.8857528,1144.322678,1272.017935,1101.623788,,,,708.9912721,1010.169048,,,
240,1001.062435,618.2649488,558.7719649,392.8603022,863.0273425,545.2102296,658.5835124,660.7011177,688.410991,616.2547262,1133.441424,1284.611452,1101.748128,,,,708.541222,1010.123251,,,
241,993.1203553,615.4651641,555.7179091,391.8843825,856.3153824,542.2321132,656.3858263,657.8322554,685.2380846,611.9836739,1121.427579,1302.30265,1098.127886,,,,708.3458918,1010.090639,,,
242,983.4749853,615.2911311,552.6497675,392.0682662,847.57316,538.2814711,654.2557193,654.1106311,681.2254488,607.8656077,1109.943684,1321.211394,1092.373082,,,,708.2518659,1010.082012,,,
243,974.1632207,617.3814009,550.4820943,392.9447959,839.0022943,535.0326096,652.2127822,650.633099,676.6265882,604.6014067,1100.321502,1336.847121,1087.433433,,,,708.1799339,1010.071902,,,
244,966.7576765,619.8032171,548.5730912,394.1932946,831.8881618,533.1778007,650.719065,645.9661765,671.2575564,603.0431312,1093.149799,1346.531033,1084.986087,,,,708.1306951,,,,
245,964.2922643,620.5969698,546.5819025,395.7977878,827.4866695,533.3231933,648.7539784,641.4129906,665.4979338,603.2234885,1090.420551,1350.809773,1087.490085,,,,708.1158584,,,,
246,966.6733393,621.09439,543.8231407,396.7670711,825.2773846,535.844122,645.9166017,638.1401323,659.7590155,605.1245839,1092.64509,1347.91471,1094.031586,,,,,,,,
247,975.8595497,621.1843098,540.1107402,396.9569664,821.9829988,540.395564,641.9441146,636.0204289,654.041813,608.4636089,1096.027104,1338.810495,1101.693165,,,,,,,,
248,987.6221496,620.4379186,536.0090274,396.2401683,816.8111858,544.8441667,638.0278944,634.8976706,648.8197646,612.1586978,1097.061574,1326.277388,1109.352615,,,,,,,,
249,997.67794,619.3469279,531.3580033,394.0188256,809.1369617,550.5214127,635.3607324,635.3307545,643.4855446,615.735786,1097.085418,1312.465221,1115.026063,,,,,,,,
250,1001.787431,617.8575049,527.6811318,390.66212,800.3054883,555.9371161,634.8508544,635.78289,638.2149476,618.0365691,1096.813534,1298.901477,1118.875356,,,,,,,,
251,998.8164348,616.91128,524.7760746,386.8525589,791.7042416,560.4362832,636.0976241,636.6983708,632.8810652,619.2316066,1098.391485,1287.847047,1120.919928,,,,,,,,
252,992.3447405,616.7388962,522.0974633,383.2842279,784.050605,563.8931423,638.5209845,637.8707377,627.2101906,619.8943225,1101.600539,1281.527145,1124.0579,,,,,,,,
253,984.8632429,617.7129601,519.5836483,380.7289002,778.4268011,565.7633226,639.2479566,637.5817344,621.7508824,621.1227737,1107.435703,1279.076949,1128.457329,,,,,,,,
254,979.3164087,619.3683846,517.4704838,378.8697681,774.4736635,566.797805,639.1886886,635.7794956,616.5480052,622.2741988,1114.095653,1277.280553,1134.388705,,,,,,,,
255,975.7033104,620.7783816,514.7418527,378.3087957,770.7389122,566.4635328,638.1683061,632.479581,612.8510813,623.9534118,1118.447598,1278.386327,1144.334399,,,,,,,,
256,972.832836,622.9875131,511.8495755,378.0708817,767.1389557,565.8531657,637.8235808,628.0011484,610.8731833,624.9303664,1121.039337,1285.743872,1155.942508,,,,,,,,
257,969.3118721,625.1297915,508.5874537,377.6933058,761.768506,565.2429373,638.5255822,623.7293743,610.8007632,625.5789809,1122.091091,1295.259841,1168.854123,,,,,,,,
258,965.640966,626.372257,505.6889871,376.7849234,756.7704827,565.0626687,639.3388216,621.0712241,611.774907,625.9855737,1124.711582,1300.225219,1179.678893,,,,,,,,
259,961.1817596,625.3999155,503.7805872,374.5364527,753.5281711,564.3673481,639.4628714,620.440764,613.0082915,625.739434,1129.789778,1298.55381,1186.211245,,,,,,,,
260,958.0943963,622.1005349,502.6534468,371.7448791,751.5984431,561.9275443,638.4762988,622.3805003,614.2151175,625.126589,1136.586638,1295.975241,1188.35647,,,,,,,,
261,955.2837083,617.0950347,502.7395491,368.4521897,748.5518935,558.4655447,636.9996325,626.1223856,614.2325616,625.5020838,1141.753267,1297.315279,1189.291567,,,,,,,,
262,951.5992366,611.4676422,502.1537777,364.8875033,744.5247789,554.0107434,635.6937712,630.3045711,612.4785743,626.428764,1144.668285,1303.104191,1190.096383,,,,,,,,
263,945.8137528,606.1424596,500.9863363,361.4419137,738.1559309,548.7455569,635.0448848,634.2058947,609.2811552,628.6233827,1147.000804,1308.470821,1192.756979,,,,,,,,
264,938.6829959,601.53511,498.2270633,358.4322105,731.4845435,543.5102846,635.2978703,636.8755027,604.9097782,632.0889574,1150.872099,1310.306583,1197.004387,,,,,,,,
265,932.0578779,597.8781638,494.6775096,355.6312955,726.1980849,539.1451244,635.0429571,638.5508964,599.6313043,636.040007,1156.71212,1309.546582,1202.897234,,,,,,,,
266,929.0991998,593.7673278,490.7743614,353.344606,724.1805084,535.8647124,633.7150846,638.3174397,593.6492713,639.2467073,1164.300008,1308.493326,1211.235711,,,,,,,,
267,929.9849839,589.0892832,487.1251546,352.0279359,726.194698,534.7347055,630.2120518,636.4209741,587.5113038,641.2456312,1169.458845,1305.407695,1221.436482,,,,,,,,
268,932.4939115,583.7680645,484.7553567,351.0432794,729.3528481,535.1587423,625.336673,632.6370356,581.3820329,641.7964143,1171.055387,1302.472155,1231.429796,,,,,,,,
269,932.7531293,578.5688223,483.1983999,351.1538255,731.403707,537.3485049,619.910019,627.4631791,575.3049509,640.7774656,1168.499672,1299.898401,1241.22786,,,,,,,,
270,928.927658,573.6475374,482.7488127,351.5623115,732.3249466,540.4372831,614.9700836,621.5186577,569.2612813,638.7772294,1163.505249,1300.357487,1250.064821,,,,,,,,
271,921.8387777,569.3806683,483.4954265,351.7732908,732.1682674,543.3053776,611.6145836,615.2939319,563.6427541,636.9710123,1156.997973,1304.288516,1253.551418,,,,,,,,
272,914.1214591,564.6579005,484.9943958,352.1091865,731.3093887,546.4613286,609.8434811,609.279948,558.3929188,634.878422,1153.566618,1313.419302,1252.625445,,,,,,,,
273,909.3786988,560.1966291,487.1627763,351.4150318,731.4233928,548.2962001,609.4850389,603.7582262,554.4549477,631.5678552,1151.956065,1327.447258,1250.539027,,,,,,,,
274,908.2284025,555.9575159,490.296826,350.1255593,730.3594221,550.2156523,609.7439987,598.9814938,551.1904677,627.2701907,1153.603302,1342.162395,1249.055169,,,,,,,,
275,909.8692875,551.9430978,493.8159181,348.444984,728.1934622,551.3857749,608.8866811,595.2181562,548.421209,622.6460106,1155.647936,1351.362955,1251.109529,,,,,,,,
276,911.869939,548.623515,496.8777477,345.8587469,727.0764985,553.0717369,606.354725,592.8724378,546.1218584,617.3418618,1156.91925,1355.960461,1258.845218,,,,,,,,
277,912.5906382,546.7105179,500.5751786,342.6211866,726.0932561,553.8143679,603.1953231,591.2139063,544.3836365,612.6722196,1158.485519,1356.808497,1270.392476,,,,,,,,
278,913.311129,545.6792157,503.9607728,338.9471355,724.3604225,554.6964667,600.2590779,590.2685499,543.5530927,609.521105,1162.156417,1357.064222,1284.710002,,,,,,,,
279,914.4164513,545.3808806,506.9276789,335.2144838,723.6795779,554.6655935,596.9810659,589.0861281,543.2674348,608.6375562,1168.84686,1355.654712,1300.930079,,,,,,,,
280,917.8764191,544.3134754,510.0725927,331.4538166,722.3536077,553.9886032,593.8696695,587.9383267,544.5987468,609.9801837,1178.416564,1353.731074,1316.849604,,,,,,,,
281,923.8470755,542.8897238,512.1853406,327.7400865,719.4465022,553.0241022,590.485731,585.8216141,546.0408833,613.6150787,1188.537762,1353.200378,1331.274833,,,,,,,,
282,932.622849,541.3667008,513.1990874,324.143647,716.129215,550.9513182,586.6294431,582.95605,547.7338253,617.9228683,1196.568342,1353.010411,1343.709516,,,,,,,,
283,941.1425235,539.3521829,512.739158,320.6735091,712.4495642,547.9919961,582.8333042,578.9502076,548.4638885,622.5157362,1200.540063,1354.128984,1354.675713,,,,,,,,
284,948.2153914,536.5866517,511.3578219,317.5472775,710.9071805,544.2327161,578.9503655,574.0473521,548.7940567,625.3041994,1199.024223,1357.404374,1361.602272,,,,,,,,
285,953.707525,533.201315,510.1202035,315.203661,711.684018,539.9542779,574.4383905,568.6235,548.4859568,626.7528533,1192.094064,1357.995425,1365.760425,,,,,,,,
286,958.2409859,529.6440173,509.2236256,313.1928995,713.51606,535.5353688,569.0754021,562.6925526,547.4890989,627.4529165,1184.348685,1356.840023,1371.197474,,,,,,,,
287,962.2997295,527.2150238,508.2824979,311.5840725,714.8651579,531.0478104,563.4118419,556.7385643,546.6640473,626.5361047,1180.295145,1352.479806,1377.556472,,,,,,,,
288,964.3703267,527.360123,507.531119,310.3539328,713.3172548,526.7511245,557.4636556,550.9492088,545.4799399,625.827606,1180.072419,1347.439138,1384.550831,,,,,,,,
289,963.2752627,530.0118304,506.8663923,308.8497238,712.2758167,522.7056048,551.3349387,545.2590727,543.6309655,623.8961447,1181.64283,1342.414875,1394.89807,,,,,,,,
290,959.6359932,533.9868718,507.3937302,307.2215737,710.7519848,518.7946012,545.2256839,539.8974128,542.0208013,622.1672061,1182.282507,1335.731402,1405.747914,,,,,,,,
291,955.6110576,537.4257961,509.1842725,305.2932263,707.9104396,515.7651356,539.2928526,535.0891085,540.9064488,620.4120176,1178.686349,1328.605412,1417.434996,,,,,,,,
292,952.7704482,539.432163,511.0969195,303.5456448,705.098019,513.187588,533.8671304,530.7778861,540.2969188,619.6801379,1171.651745,1324.244351,1432.141417,,,,,,,,
293,954.3028576,541.0742256,511.7965905,302.3532026,702.1900506,511.3688951,529.301515,527.5000893,541.2224466,619.1198008,1163.276426,1323.426531,1449.070794,,,,,,,,
294,958.17807,541.7611571,510.5753746,300.8482437,700.4925045,510.2087758,525.8805501,525.273297,542.4079067,619.8622182,1156.422907,1325.463931,1467.933624,,,,,,,,
295,963.433701,542.2237422,507.3486278,299.0268161,698.1995021,510.7185851,523.9530827,523.7229478,543.9446645,619.8910487,1150.82477,1328.259864,1487.563752,,,,,,,,
296,967.9689962,543.1605846,503.2810337,297.2643273,695.9138731,512.9005353,523.4568633,522.1760279,545.1861645,620.5984614,1147.469695,1330.479388,1505.68558,,,,,,,,
297,970.1509703,542.7665635,499.2244951,295.2085566,692.1006382,516.578606,523.6167224,520.6870447,545.4563466,620.2607943,1144.681865,1334.351187,1519.888302,,,,,,,,
298,972.0160923,541.3589522,495.8253163,292.8676647,687.1672328,522.0311219,523.8771751,519.14628,544.3860509,620.5821988,1144.180789,1340.734204,1526.225037,,,,,,,,
299,972.8023601,539.1743945,494.2299372,290.777505,681.8328478,528.7040942,524.2080386,517.8598133,542.1043685,619.4688911,1147.773676,1350.593812,1525.551612,,,,,,,,
300,973.2431547,536.6391904,494.0421887,289.0063514,675.1380166,535.6913303,523.9389357,516.9795515,539.0325248,618.3739222,1154.823241,1361.818021,1520.876348,,,,,,,,
301,972.187471,535.0043103,494.3498156,287.3836112,668.4928544,541.9870823,522.8230928,516.5088714,535.1025141,616.3817824,1163.607542,1370.586062,1513.26853,,,,,,,,
302,969.6660112,535.2003653,494.5810975,286.1923914,663.2120247,546.480838,520.7113914,517.0828898,530.6456752,613.7191629,1170.794024,1375.487056,1506.132552,,,,,,,,
303,966.5070065,536.719198,493.7954099,284.8589763,660.3829827,548.6272965,518.2832775,517.7516202,525.9322949,611.5451315,1175.239291,1377.470208,1501.044759,,,,,,,,
304,962.6982343,537.7318782,492.0768709,283.1320388,660.6660473,548.6073626,515.6424021,518.1949543,520.8469885,609.4093217,1176.165014,1380.07964,1497.913307,,,,,,,,
305,961.266431,537.6617423,490.577027,281.2256802,661.8956839,547.109852,512.9210917,517.9158151,515.6813618,607.9949648,1172.247628,1382.346668,1496.528455,,,,,,,,
306,962.4021843,536.5647783,489.1815434,279.5559657,661.6702551,545.204188,510.5611672,517.130999,510.8098058,606.8903223,1167.515053,1384.707952,1496.003951,,,,,,,,
307,966.5754251,535.1660727,488.6024588,277.6582087,658.8415115,543.2406144,508.3916804,516.4106389,506.5854687,604.699316,1161.832777,1387.178821,1495.870371,,,,,,,,
308,970.397912,534.617252,488.6582812,275.8165373,652.9495296,541.7465031,505.6284875,516.6328836,503.3656987,602.2028663,1158.749042,1389.637867,1495.826306,,,,,,,,
309,972.4886566,535.2813667,488.6483649,274.2401061,645.7703334,540.9341992,502.2923083,517.8294465,501.1630574,598.6713781,1159.617336,1391.88792,1495.813783,,,,,,,,
310,972.9623284,537.0340727,489.6623852,272.8491423,638.4857986,540.3938847,499.3692422,519.3008556,499.1654514,594.5806649,1163.832225,1396.524358,,,,,,,,,
311,972.0040988,539.8514306,491.0404723,271.8114767,631.2887318,539.969857,496.8376832,520.6361726,497.7811327,590.2934563,1168.989715,1402.007255,,,,,,,,,
312,973.0819623,543.211975,492.5881742,270.4380859,624.2446341,540.2059308,494.5491473,522.5936899,496.4934332,586.250819,1175.746393,1406.464972,,,,,,,,,
313,978.0331668,545.0930987,494.6859798,268.3907136,617.3874001,541.1271695,493.526634,524.8879355,495.1338684,583.8542205,1183.348228,1408.382918,,,,,,,,,
314,987.6533885,545.322938,496.5362734,265.8275466,610.6435448,542.3562314,492.6386534,527.7556515,493.3315622,582.2784849,1187.98979,1406.568492,,,,,,,,,
315,999.8761758,544.0064478,499.0535549,263.001285,604.1070874,543.5180933,492.2790457,529.7113073,491.1507279,582.4442138,1189.734445,1403.307056,,,,,,,,,
316,1012.984621,542.2912369,501.5371625,260.0819205,598.2261331,545.1353901,491.7253222,530.8954761,488.5487823,582.8751336,1188.164989,1399.226168,,,,,,,,,
317,1025.478774,541.8924421,504.3154634,257.143912,594.04577,546.8322781,491.3049971,530.5559958,485.1601051,583.0283559,1183.513618,1396.14614,,,,,,,,,
318,1036.700678,542.562514,506.9549041,254.2091979,591.8868244,548.8757647,490.7664855,529.0823875,481.3590119,582.1572727,1178.54247,1394.805522,,,,,,,,,
319,1048.790877,542.6641118,508.3532247,251.311673,592.6165404,550.4765354,489.6897793,527.2894585,477.9176324,579.7945903,1175.191551,1395.718702,,,,,,,,,
320,1059.350401,541.6603852,508.7044751,248.5141421,595.3682496,551.4670723,488.8030333,524.6638196,474.8862031,575.8689303,1172.434326,1397.240612,,,,,,,,,
321,1067.566682,539.2329913,507.1817235,245.8622046,598.686231,552.2289743,487.9399877,522.4921033,471.9225643,570.8307418,1171.620743,1399.896105,,,,,,,,,
322,1072.453551,536.0129627,505.1699996,243.5683549,601.5150581,551.9690629,486.9263283,521.5530622,469.5085706,565.5221335,1172.631035,1400.835483,,,,,,,,,
323,1075.25187,533.3945412,503.4543577,241.8092565,602.6681889,550.503754,486.7267185,521.0598588,467.1757313,560.5682305,1175.137792,1397.279013,,,,,,,,,
324,1074.841882,532.6900813,502.0301825,240.6584207,602.5885441,548.3888599,487.9054678,521.1642717,464.9742212,556.7538066,1179.334984,1389.816242,,,,,,,,,
325,1074.686364,533.5970273,501.7983842,239.9248774,603.6122461,546.546419,489.9584022,521.162878,463.0051383,554.5540284,1183.992707,1378.15923,,,,,,,,,
326,1075.235921,534.2711904,501.8232273,239.6750797,606.4833486,545.5612392,492.5958789,520.3142535,461.0235174,554.7676931,1187.823499,1365.109035,,,,,,,,,
327,1076.456663,533.8229315,501.9075413,239.5456247,611.362849,545.4185343,495.323148,519.5059678,459.7465995,557.0670957,1189.949607,1352.754643,,,,,,,,,
328,1081.362302,532.0231305,502.1675783,239.5609324,616.7697276,545.6647021,498.0180074,519.4099064,458.7773396,561.5973144,1189.941767,1342.860779,,,,,,,,,
329,1089.203769,529.5838699,503.2217026,239.7221018,620.7672073,545.6764624,499.5564037,519.3572968,457.7248072,566.3637625,1187.129937,1336.40268,,,,,,,,,
330,1097.441584,527.9361689,505.4536156,240.2595156,622.8258363,545.2404411,500.0452625,519.9467417,456.9605317,570.9762607,1185.068204,1332.844621,,,,,,,,,
331,1105.069774,526.7089706,508.6236329,241.1192218,622.7585439,544.4183427,499.8346284,520.937875,456.004368,573.4371425,1184.504496,1332.572005,,,,,,,,,
332,1107.90987,526.0227137,512.8789418,241.3987119,622.3259674,542.5857303,499.437454,520.7599556,454.5444534,573.8861816,1183.839237,1335.829529,,,,,,,,,
333,1104.700548,526.7467512,516.8427107,240.9503333,622.2671862,540.1166404,498.8154786,520.4344247,453.1532139,572.2939919,1184.571043,1340.133367,,,,,,,,,
334,1097.752825,528.0017024,520.5884821,240.3216741,622.889757,537.0728809,498.8873809,518.625401,451.9404617,568.9805964,1189.685061,1343.59255,,,,,,,,,
335,1088.972496,530.4506521,523.7002209,239.1339236,625.3457695,533.6609795,499.3025172,516.1903861,450.2389578,564.378141,1198.462432,1343.497096,,,,,,,,,
336,1081.245036,533.7470615,525.4821787,237.5488765,629.0862461,529.5939083,500.0051694,514.3498639,448.7213726,559.4544351,1210.702831,1337.541732,,,,,,,,,
337,1076.068735,536.7578811,526.3764632,235.707271,633.6052375,525.8514944,500.672651,512.9741861,446.9669626,554.4653016,1223.113361,1326.654952,,,,,,,,,
338,1074.164281,539.6460589,526.2203345,234.1835583,637.4616999,522.7246595,501.5627875,512.6032634,445.2252514,549.3200248,1233.316643,1313.734716,,,,,,,,,
339,1074.971212,541.2937379,524.8837337,232.9138632,641.2629384,521.6314621,503.1916592,513.7485029,443.4120486,544.4430024,1240.219198,1300.264361,,,,,,,,,
340,1075.348878,542.0017942,523.0424337,231.9820121,645.1524334,522.4416797,505.5604299,514.091066,441.4874407,539.7470725,1242.387033,1288.321168,,,,,,,,,
341,1075.083269,542.7228443,520.5104527,231.4740123,649.1268617,525.42442,508.6259764,515.2405359,439.1906602,535.5624395,1239.455713,1279.160847,,,,,,,,,
342,1072.981043,542.6448494,518.6714349,231.0098244,653.4275855,529.6189641,511.5826592,516.1724678,436.7799467,532.4089426,1233.604298,1274.102392,,,,,,,,,
343,1066.885308,542.0671255,518.6680689,230.6218997,657.6249212,533.6510017,514.2077318,516.5096935,433.6740514,530.7972136,1227.354048,1273.042407,,,,,,,,,
344,1058.96949,541.6123831,520.2295847,230.0294819,661.0875708,537.5770395,516.3490216,517.3746102,430.2779882,531.2018012,1223.489468,1273.816264,,,,,,,,,
345,1049.151347,540.3226723,523.0593037,229.9746868,664.9081405,539.1813122,517.9176712,518.2023633,426.3234786,533.1537528,1225.011664,1274.060147,,,,,,,,,
346,1039.340652,537.8443623,525.523231,229.8317439,669.1290107,539.4510012,519.3444543,519.5837899,422.1576212,536.6120885,1231.677064,1271.442652,,,,,,,,,
347,1030.911441,534.6541633,527.4058889,229.7294546,673.0556513,537.9128175,520.3748689,521.056964,417.829363,539.8164367,1239.888103,1265.826805,,,,,,,,,
348,1025.220968,531.2219739,528.5800563,229.6182737,676.3224551,536.2501667,521.6495133,521.727098,413.5467947,542.9182712,1245.814778,1258.804877,,,,,,,,,
349,1023.507286,528.4211563,529.1337715,229.6641593,678.0454491,535.1461649,522.7120864,521.4942024,409.3224983,544.0277018,1248.699536,1254.610522,,,,,,,,,
350,1024.78443,526.5213453,530.242939,229.4949605,678.6635565,534.0478896,524.2552626,521.0187061,405.1423608,543.5975076,1247.644539,1255.447406,,,,,,,,,
351,1027.192487,525.4524203,530.9093588,229.4797875,680.0492083,534.2660843,525.2833674,519.5593689,401.2598368,541.8529322,1244.978633,1263.525878,,,,,,,,,
352,1027.394301,524.9813767,532.0164984,229.4772453,681.1342458,533.6746563,526.3033661,517.3032856,397.6233757,538.8659073,1241.914943,1276.727421,,,,,,,,,
353,1026.688581,524.8185355,532.4760165,229.799622,682.0504593,533.2988088,527.7155511,514.5533261,394.4458715,535.435913,1237.850237,1291.031906,,,,,,,,,
354,1024.742211,524.7835029,532.4798591,229.8390467,683.373554,532.059029,529.9283053,512.1423517,392.0552762,531.5825238,1231.622224,1302.511454,,,,,,,,,
355,1021.729126,524.7783349,532.3961888,229.0653886,685.284873,531.1689278,533.146556,510.4027371,389.6615866,527.786338,1223.948474,1309.576857,,,,,,,,,
356,1017.973356,,531.4373314,227.6944114,688.4233231,531.4131128,537.0672941,508.8561925,387.5336652,524.4096859,1216.334422,1312.459206,,,,,,,,,
357,1013.378875,,530.4278638,226.0706108,692.0946552,532.3991459,540.6135969,508.5163695,385.5094349,521.2922542,1210.991884,1313.258348,,,,,,,,,
358,1009.887438,,528.7521169,224.9517885,694.8799234,534.0398723,543.939412,507.7070268,383.2967484,518.9115542,1210.734763,1313.513546,,,,,,,,,
359,1007.051886,,527.3095121,224.5891411,697.5352724,536.0008998,545.8342483,508.0130526,381.2130491,517.6314007,1217.19157,1313.197342,,,,,,,,,
360,1005.610302,,525.3463027,224.8685112,700.1477991,536.6884629,546.5775548,508.2127593,379.2168023,517.0223187,1228.248679,1313.161993,,,,,,,,,
361,1006.754478,,522.8895858,226.0372279,702.0137284,536.3795478,546.0529758,508.4655044,376.8997443,516.8572262,1241.270643,1313.135488,,,,,,,,,
362,1006.883213,,519.5080887,227.3603025,703.2978961,534.2915127,544.9105414,509.2516878,374.9662979,516.5196222,1253.104463,,,,,,,,,,
363,1008.102037,,515.1501216,228.1356962,703.4445179,531.8194959,543.3300575,510.3881741,373.3553026,515.226945,1262.392849,,,,,,,,,,
364,1008.633524,,510.497513,228.7665306,703.6894703,529.0335536,542.3289766,512.4991721,372.04982,512.6629075,1268.711513,,,,,,,,,,
365,1008.474667,,505.9305039,229.1528988,702.886694,526.9235055,542.4950853,514.508954,371.4742763,509.5844698,1274.407452,,,,,,,,,,
366,1008.451947,,501.8736177,229.4371196,702.0725668,526.8293398,544.1549997,516.202561,371.4983954,506.6894968,1280.478173,,,,,,,,,,
367,1006.795505,,499.2017059,230.0609248,702.9374204,528.3972333,547.7457534,518.2417881,372.3340457,504.5514345,1289.074508,,,,,,,,,,
368,1004.883864,,497.7436208,230.9612016,706.6798063,531.178904,552.0469818,520.5383448,373.6175307,502.908108,1299.443285,,,,,,,,,,
369,1002.678864,,497.1024057,231.351034,713.9396747,533.4469664,557.429205,522.2827824,375.5852095,502.6112765,1308.228397,,,,,,,,,,
370,1003.61405,,497.375005,231.9805822,723.8906705,535.5094402,562.8481397,523.0088026,377.6646678,502.6593349,1312.745435,,,,,,,,,,
371,1006.779818,,497.0891765,231.9815782,733.6541752,537.04809,568.1901575,523.267516,379.9324462,502.6354045,1312.384832,,,,,,,,,,
372,1011.100237,,496.1590169,231.9314178,741.8753807,539.2335015,572.762853,523.4041323,382.145472,501.8395567,1307.41382,,,,,,,,,,
373,1013.640195,,495.0223312,232.1977016,746.7808932,542.0073488,576.5532744,522.4250123,383.8549752,499.8242571,1299.311548,,,,,,,,,,
374,1015.153095,,493.4673657,232.5813281,749.4844175,545.7742856,579.3011824,520.4763658,385.0814934,496.6072997,1290.681205,,,,,,,,,,
375,1014.381086,,491.3438251,233.2059265,751.7878317,549.3533335,581.6098799,518.4261032,385.4243189,492.4544585,1283.199836,,,,,,,,,,
376,1013.825493,,488.7673772,234.3628475,755.4039246,553.1448742,583.359359,516.6018591,385.4194685,487.8910401,1277.661834,,,,,,,,,,
377,1016.927812,,485.4126632,235.6515619,762.813561,554.9019479,584.4169449,515.0578929,384.6612721,483.0164843,1272.277503,,,,,,,,,,
378,1023.272813,,481.1349839,236.6901738,773.8107328,554.8828683,584.5373255,513.8500567,383.8329213,478.1253461,1267.749037,,,,,,,,,,
379,1031.20889,,476.5302161,237.6886858,787.0212297,552.7011967,583.6225371,513.1597047,382.7772441,473.1815493,1264.097301,,,,,,,,,,
380,1038.71115,,471.6206829,237.7860817,800.7665631,549.5959557,582.2071479,512.8959672,382.0296474,468.2986487,1261.629855,,,,,,,,,,
381,1044.54631,,466.7611721,237.7055198,812.9936107,545.2966608,580.6540823,512.8188694,381.4347114,463.4813251,1260.136389,,,,,,,,,,
382,1047.6466,,461.9909829,236.6646698,823.8744229,540.4540263,579.3940079,512.7698713,381.1772962,459.1435424,1260.364213,,,,,,,,,,
383,1049.009086,,457.5024075,235.293161,833.6643983,535.6519651,578.4019307,512.7348232,381.0409874,454.9846258,1263.079243,,,,,,,,,,
384,1049.292629,,453.3935803,233.9295931,843.6325721,531.2118904,577.88836,512.7152816,380.9994186,451.3165274,1266.185208,,,,,,,,,,
385,1049.399828,,449.9625833,232.8388358,853.4845538,527.4428669,577.6239022,,380.9694323,448.3298743,1266.943229,,,,,,,,,,
386,1049.417423,,447.36148,232.2393807,862.0310615,523.9878452,577.5476456,,380.9657206,445.9148503,1264.593769,,,,,,,,,,
387,,,445.5623011,232.2302721,867.2727296,521.1487642,577.5194171,,,444.0266551,1259.186581,,,,,,,,,,
388,,,444.46256,231.8385013,869.2898482,518.4876962,577.5135022,,,442.7211962,1251.140364,,,,,,,,,,
389,,,443.9391235,231.4325822,867.710662,516.9662374,,,,441.3553767,1242.129391,,,,,,,,,,
390,,,443.7394604,230.1255771,863.4275784,515.7278298,,,,440.3682727,1233.884892,,,,,,,,,,
391,,,443.6769364,228.5383754,857.8380812,515.2476436,,,,439.3443196,1226.938528,,,,,,,,,,
392,,,443.6593174,226.6452989,850.8472203,515.1019393,,,,438.8167776,1221.987434,,,,,,,,,,
393,,,443.6543421,225.0493315,842.6830268,515.3008456,,,,438.3358325,1218.946674,,,,,,,,,,
394,,,,223.7658304,834.1476329,515.4515782,,,,438.034519,1217.361585,,,,,,,,,,
395,,,,222.6738632,825.687318,515.4799626,,,,437.8942588,1216.621212,,,,,,,,,,
396,,,,222.0193924,817.7574161,515.5048985,,,,437.8232305,1216.368075,,,,,,,,,,
397,,,,221.0558903,811.4680638,515.5098371,,,,437.7878789,1216.275176,,,,,,,,,,
398,,,,220.241639,807.4808248,,,,,437.7838571,1216.246919,,,,,,,,,,
399,,,,219.3182567,807.1662201,,,,,437.7753629,,,,,,,,,,,
400,,,,218.4491417,809.8125765,,,,,,,,,,,,,,,,
401,,,,217.9198321,813.5423264,,,,,,,,,,,,,,,,
402,,,,217.3522729,816.9607797,,,,,,,,,,,,,,,,
403,,,,216.7885354,818.9274209,,,,,,,,,,,,,,,,
404,,,,216.2183257,820.2247219,,,,,,,,,,,,,,,,
405,,,,215.6698642,822.3259672,,,,,,,,,,,,,,,,
406,,,,214.9818868,824.6059896,,,,,,,,,,,,,,,,
407,,,,214.1306471,824.9799066,,,,,,,,,,,,,,,,
408,,,,213.2741997,821.7725471,,,,,,,,,,,,,,,,
409,,,,212.1107142,815.5199433,,,,,,,,,,,,,,,,
410,,,,210.5767319,807.8716524,,,,,,,,,,,,,,,,
411,,,,208.7493022,799.4652878,,,,,,,,,,,,,,,,
412,,,,206.9327891,791.1602204,,,,,,,,,,,,,,,,
413,,,,205.2352891,783.6369677,,,,,,,,,,,,,,,,
414,,,,203.6337971,777.5283113,,,,,,,,,,,,,,,,
415,,,,202.3166852,773.6477252,,,,,,,,,,,,,,,,
416,,,,201.0998748,771.7166666,,,,,,,,,,,,,,,,
417,,,,199.9120762,770.7242423,,,,,,,,,,,,,,,,
418,,,,198.7974209,768.0780546,,,,,,,,,,,,,,,,
419,,,,197.8210392,762.9220944,,,,,,,,,,,,,,,,
420,,,,197.0394109,756.5214669,,,,,,,,,,,,,,,,
421,,,,196.4657654,749.8676133,,,,,,,,,,,,,,,,
422,,,,196.1390802,744.2283701,,,,,,,,,,,,,,,,
423,,,,195.9924418,740.2565233,,,,,,,,,,,,,,,,
424,,,,195.9364178,738.1002855,,,,,,,,,,,,,,,,
425,,,,195.9228665,737.2079634,,,,,,,,,,,,,,,,
426,,,,195.9165225,736.884929,,,,,,,,,,,,,,,,
427,,,,195.9143007,736.8466212,,,,,,,,,,,,,,,,
428,,,,,736.8399835,,,,,,,,,,,,,,,,
429,,,,,,,,,,,,,,,,,,,,,
430,,,,,,,,,,,,,,,,,,,,,
431,,,,,,,,,,,,,,,,,,,,,
432,,,,,,,,,,,,,,,,,,,,,
433,,,,,,,,,,,,,,,,,,,,,
434,,,,,,,,,,,,,,,,,,,,,
435,,,,,,,,,,,,,,,,,,,,,
436,,,,,,,,,,,,,,,,,,,,,
437,,,,,,,,,,,,,,,,,,,,,
438,,,,,,,,,,,,,,,,,,,,,
439,,,,,,,,,,,,,,,,,,,,,
440,,,,,,,,,,,,,,,,,,,,,
441,,,,,,,,,,,,,,,,,,,,,
442,,,,,,,,,,,,,,,,,,,,,
443,,,,,,,,,,,,,,,,,,,,,
444,,,,,,,,,,,,,,,,,,,,,
445,,,,,,,,,,,,,,,,,,,,,
446,,,,,,,,,,,,,,,,,,,,,
447,,,,,,,,,,,,,,,,,,,,,
448,,,,,,,,,,,,,,,,,,,,,
449,,,,,,,,,,,,,,,,,,,,,
450,,,,,,,,,,,,,,,,,,,,,
451,,,,,,,,,,,,,,,,,,,,,
452,,,,,,,,,,,,,,,,,,,,,
453,,,,,,,,,,,,,,,,,,,,,
454,,,,,,,,,,,,,,,,,,,,,
455,,,,,,,,,,,,,,,,,,,,,
456,,,,,,,,,,,,,,,,,,,,,
457,,,,,,,,,,,,,,,,,,,,,
458,,,,,,,,,,,,,,,,,,,,,
459,,,,,,,,,,,,,,,,,,,,,
460,,,,,,,,,,,,,,,,,,,,,
461,,,,,,,,,,,,,,,,,,,,,
462,,,,,,,,,,,,,,,,,,,,,
463,,,,,,,,,,,,,,,,,,,,,
464,,,,,,,,,,,,,,,,,,,,,
465,,,,,,,,,,,,,,,,,,,,,
466,,,,,,,,,,,,,,,,,,,,,
467,,,,,,,,,,,,,,,,,,,,,
468,,,,,,,,,,,,,,,,,,,,,
469,,,,,,,,,,,,,,,,,,,,,
470,,,,,,,,,,,,,,,,,,,,,
471,,,,,,,,,,,,,,,,,,,,,
472,,,,,,,,,,,,,,,,,,,,,
473,,,,,,,,,,,,,,,,,,,,,
474,,,,,,,,,,,,,,,,,,,,,
475,,,,,,,,,,,,,,,,,,,,,
476,,,,,,,,,,,,,,,,,,,,,
477,,,,,,,,,,,,,,,,,,,,,
478,,,,,,,,,,,,,,,,,,,,,
479,,,,,,,,,,,,,,,,,,,,,
480,,,,,,,,,,,,,,,,,,,,,
481,,,,,,,,,,,,,,,,,,,,,
482,,,,,,,,,,,,,,,,,,,,,
483,,,,,,,,,,,,,,,,,,,,,
484,,,,,,,,,,,,,,,,,,,,,
485,,,,,,,,,,,,,,,,,,,,,
486,,,,,,,,,,,,,,,,,,,,,
487,,,,,,,,,,,,,,,,,,,,,
488,,,,,,,,,,,,,,,,,,,,,
489,,,,,,,,,,,,,,,,,,,,,
490,,,,,,,,,,,,,,,,,,,,,
491,,,,,,,,,,,,,,,,,,,,,
492,,,,,,,,,,,,,,,,,,,,,
493,,,,,,,,,,,,,,,,,,,,,
494,,,,,,,,,,,,,,,,,,,,,
495,,,,,,,,,,,,,,,,,,,,,
496,,,,,,,,,,,,,,,,,,,,,
497,,,,,,,,,,,,,,,,,,,,,
498,,,,,,,,,,,,,,,,,,,,,
499,,,,,,,,,,,,,,,,,,,,,
500,,,,,,,,,,,,,,,,,,,,,
